Username,Embedded_text,Likes,Retweets,Tweet URL
,"BIG REVELATIONS: Imran Khan Beats An Attempt To Conceal Cipher Before NS... 

#امپورٹڈ_حکومت_نامنظور

https://youtu.be/9rAWiqkPGGI via 
@YouTube
youtube.com
BIG REVELATIONS: Imran Khan Beats An Attempt To Conceal Cipher Before...
#ImranKhan #NSCMeeting #AbdulQadirFollow Abdul Qadir:https://twitter.com/AbdulqadirARYhttps://www.facebook.com/abdulqadir.aryhttps://www.instagram.com/abdulq...
3
2",3,2,https://twitter.com/Malikshazlatif1/status/1517669136138129409
,"#امپورٹڈ_حکومت_نامنظور
 respect sir
Shaan Shahid
@mshaanshahid
 · Apr 23
I see you all… standing strong with @ImranKhanPTI.. flags clutched tightly in the hands of the old and young ..with prayers in every breath , a belief in every heart for a better Pakistan .. I see you all ..following our dream .. #AllamaIqbal #theLandofthepure ..",,,https://twitter.com/Malikshazlatif1/status/1517659461044871169
,"#امپورٹڈ_حکومت_نامنظور

 سودگران پاکستان و کشمير 

 لعنت
15
15",15,15,https://twitter.com/Malikshazlatif1/status/1518011453902577665
,"""یا رب دل مسلم کو وہ زندہ تمنا دے

جو روح کو تڑپا دے،جو قلب کو گرما دے""

اللّه نے عمران خان کے ذریعے اقبال کی دعا کو پورا کردیا

#امپورٹڈ_حکومت_نامنظور
6
4",6,4,https://twitter.com/Malikshazlatif1/status/1517686221740417026
,"انا للّٰہ وانا الیہ راجعون اللّٰہ  بندہ کرپٹ 

 بھی تھا اور غدار بھی   پھر بھی عدالت 

#امپورٹڈ_حکومت_نامنظور
5
6",5,6,https://twitter.com/Malikshazlatif1/status/1517824048104984576
,"مہنگائ مارچ والے خواتین و حضرات سیٹ بیلٹ باندھ لیں

دودھ اور شہد کی نہروں میں بہنے سے بچنے کے لئیے بھی 

حفاظتی تدابیر اختیار کر لیں محکمہ موسمیات نے طوفان

 کی پیش گوئ کر دی ہے

#امپورٹڈ_حکومت_نامنظور
6
5",6,5,https://twitter.com/Malikshazlatif1/status/1517833025442267137
,"امریکی  مداخلت اگر وزیراعظم کو ہٹا سکتی ہے تو اگر وہ 

واقعی سازش کریں تو ارمی چیف تک کو بھی ہٹا سکتے ہیں۔

 تے فر دسو پيغام کِس کو ديا جا رہا تھا

#امپورٹڈ_حکومت_نامنظور
7
4",7,4,https://twitter.com/Malikshazlatif1/status/1517877057891422208
,"#امپورٹڈ_حکومت_نامنظور

بريطانيہ ميں  بيٹھ کر امريکی سامراج کے ساتھ مل کر وزارتيں بانٹ رہے ہيں 

کہاں کہاں سےميرے وطن کی شان بيچ رہے ہيں چور ڈاکو اب ادارے چُپ ہيں
5
3",5,3,https://twitter.com/Malikshazlatif1/status/1517811062560759808
,"پاکستانیوں یہ دیکھیں یہ وہ لوگ ہیں جو عمران خان کو یہودی ایجنٹ قرار دے رہے تھے

اللہ الحق ہے اب یہ اپنے آقاؤں کو باور کروا رہے ہیں
کہ ہم لیبرل ہے اسلامی نہیں

کیا اس حکومت میں فضل رحمان بھی لبرل ہے کہ نہیں

#امپورٹڈ_حکومت_نامنظور
2",,2,https://twitter.com/Malikshazlatif1/status/1518013373664927744
,"ہم عمران خان کے ساتھ تھے، ساتھ ہیں 

اور ان شاءاللہ آخری دم تک عمران خان کے ساتھ رہیں گے۔۔۔

تيرا ميرا رشتہ کيا   لاالہ الا اللہ 

 پاکستان کا مطلب کیا لاالہ الا اللہ

#امپورٹڈ_حکومت_نامنظور
1
1",1,1,https://twitter.com/Malikshazlatif1/status/1517830287333416961
,"اس قوم کو سازش اور مُداخلت کا فرق سمجھا  رہے ہيں

جس کو سمجھ نہيں آ رہی ہے پلے کارڈ پڑھ ليں

#امپورٹڈ_حکومت_نامنظور
1
11
11",11,11,https://twitter.com/Malikshazlatif1/status/1517811798443016192
,"خیرات میں دےآیا ہوں جیتی ہوئی بازی 

دنیا یہ سمجھتی ہےکہ میں ہار گیاہوں

میں زخم زخم ہوں لیکن شکست مانی نہیں

محاذ گرم کرو ٹھیک ہو رہا ہوں میں

ہميں کيا چاہئيے آزادی 

ہم کيا مانگتے آزادی 

تُجھے کيا چاہئيے آزادی 

مُجھے کيا چاہئيے آزادی

#امپورٹڈ_حکومت_نامنظور",,,https://twitter.com/Malikshazlatif1/status/1517815174115303424
,"میں بھاگنا چاہتی ہوں

میری سادگی دیکھ میں کیا چاہتی ہوں

 ساتھ غدار بھی لے جا

#امپورٹڈ_حکومت_نامنظور",,,https://twitter.com/Malikshazlatif1/status/1517830699155439616
,"اندرونی او بیرونی دھمکیوں کا ڈٹ کر مقابلہ کیا ہر منٹ اور

 سیکنڈ کو بہت خطرہ محسوس کر رہا ہوں  کسی سیاسی

 پارٹی سے تعلق نہیں ایک عام پاکستانی ہوں ۔۔

پاکستان کی عزت کا سودا برداشت نہیں اپنی موقف
 پر قائم ہوں 

  سر قوم کا سلام قبول کريں

#امپورٹڈ_حکومت_نامنظور
1",,1,https://twitter.com/Malikshazlatif1/status/1517667334567124996
,"عمران خان پاکستان کا فخر, پاکستان کی شان 

 وَتُعِزُ مَن تَشَاء وَتُذِلُ مَن تَشَاء

اللہ تعالیٰ عمران خان کو صحت اور لمبی زندگی عطا فرما 

آمين

دشمن سے گھبرا جانا
کسی مومن کی شان نہیں ہوا کرتی
#امپورٹڈ_حکومت_نامنظور
1",,1,https://twitter.com/Malikshazlatif1/status/1518016528905551872
,"اس سے بڑی اور فخر کی بات کیا ہوسکتی ہے

شُکر الحمد اللّٰه ہم اُس لیڈر کے کارکن ہیں

جس کی دنیا قدر کرتی ہے 

#امپورٹڈ_حکومت_نامنظور",,,https://twitter.com/Malikshazlatif1/status/1518014858893180928
,"پاکستان کو برباد کرنے کی سازش ہے 

ہميں کيا چاہئيے آزادی 

ہم کيا مانگتے آزادی 

تُجھے کيا چاہئيے آزادی 

مُجھے کيا چاہئيے آزادی
""

#امپورٹڈ_حکومت_نامنظور
Sikander F. Bhadera
@SikanderFayyaz
 · Apr 23
نااہل، نکمے، امپورٹڈ چوروں کی کسان دشمن حکومت حکومت آتے ہی کاشتکاروں کے ساتھ زیادتی شروع۔ دیہی علاقوں میں کئی روز سے ڈیزل کی سپلائی مکمل بند۔ بےشرموں، ڈیزل دو کسان کو۔ نہریں بھی بند کر لیں۔ باردانہ بھی روک دیا۔ 

اللہ کسان کے حال پر رحم فرمائے۔

#امپورٹڈ_حکومت_نامنظور
1
2",1,2,https://twitter.com/Malikshazlatif1/status/1517878026570240003
,"kia likhy aourat hai Zuliha ki tara badkirdar 

#امپورٹڈ_حکومت_نامنظور
A.J
@AhmedWJanjua
 · Apr 23
ثانیہ نشتر کی درخواست پہ سرکاری افسران سمیت 820,165 افراد کو اہل نہ ہونے کی بنیاد پہ BISP کی لسٹ سے نکال کر قومی خزانہ کو 16 ارب کے نقصان سے بچایا گیا تھا۔ 

شازیہ مری وہ لسٹ بحال کرنے جا رہی ہیں ورنہ جمہوریت کو خطرہ ہے۔ 

#امپورٹڈ_حکومت_نامنظور
1
1",1,1,https://twitter.com/Malikshazlatif1/status/1517688058392551424
,"koi reh tou nahi gai 

tou phir kin sy sawal kar rahy hai sir 

 اوئے امريکيو ہميں تُمھاری معافی کی ضرورت نہيں تم ہو کون جيو مُرشد

اے اہل وطن اے اہلِ قفس تم خاص الخاص ہو عام نہیں

تم سارے گھر کی عزت ہو ، تم حاکم ہو محکوم نہیں

#امپورٹڈ_حکومت_نامنظور
Ch Fawad Hussain
@fawadchaudhry
 · Apr 22
ہر نئےاجلاس سے معاملات اور سنگین ہو رہے ہیں، سیکیورٹی کونسل کے آج کے اعلامیہ نے نئے سوالات اٹھا دئیے ہیں پاکستان کے عوام اس سازش کی تفصیل جاننا چاہتے ہیں،چیف جسٹس معاملے کی نزاکت کا احساس کریں اور  طاقتور کمیشن کی تشکیل کی جائے بظاہر موجودہ حکومت ایک بڑی بیرونی سازش کا نتیجہ ہے
1",1,,https://twitter.com/Malikshazlatif1/status/1517690697956143104
,""" سازش کے جھٹلانے والوں کو بتائیے'

 ہم روٹی کو چوچی نہیں کہتے۔ہم اندھے ہیں نہ احمق""

#امپورٹڈ_حکومت_نامنظور
PTI
@PTIofficial
 · Apr 23
عمران خان نے ملک کے طول و عرض میں پاکستانیوں کو حقیقی آزادی کے لئے اسلام آباد مارچ کی کال دے دی۔ 
#امپورٹڈ_حکومت_نامنظور
1",,1,https://twitter.com/Malikshazlatif1/status/1517877491255418881
,"#امپورٹڈ_حکومت_نامنظور
PTI
@PTIofficial
 · Apr 23
پاکستان کی تاریخ میں پہلی مرتبہ ایک ماہ میں 3 ارب ڈالر سے زیادہ کی برآمدات! شکریہ عمران خان! #امپورٹڈ_حکومت_نامنظور
2
1",2,1,https://twitter.com/Malikshazlatif1/status/1517829082376982528
,"ہميں کيا چاہئيے آزادی 

ہم کيا مانگتے آزادی 

تُجھے کيا چاہئيے آزادی 

مُجھے کيا چاہئيے آزادی

#امپورٹڈ_حکومت_نامنظور
Iftikhar Durrani
@DuraniIftikhar
 · Apr 23
دنیا کی کوئی بیرونی سازش اور مداخلت اس جذبہ کو مات نہیں دے سکتی

 #امپورٹڈ_حکومت_نامنظور
1
2",1,2,https://twitter.com/Malikshazlatif1/status/1517878164197937154
,"آزادی یا امریکا کی غلامی فیصلہ آپکا

 ۔۔۔۔چوروں ۔ڈاکوؤں ۔غدّاروں کی غلامی چاہئے

 یا اپنی اولادوں کو امریکا سے آزادی دلانی ھے

 فیصلہ عوام کا 

موت صرف ایک بار ملتی ہے
اس لئے عزت کی موت کے لئے دعا کرنی چاہیے

#امپورٹڈ_حکومت_نامنظور
PTI
@PTIofficial
 · Apr 23
Chairman PTI @ImranKhanPTI during his media talk in Bani Gala earlier today. #ImranKhanMediaTalk #امپورٹڈ_حکومت_نامنظور
1",1,,https://twitter.com/Malikshazlatif1/status/1517880930408583168
,"#امپورٹڈ_حکومت_نامنظور

یہ مسلمان کی غیرت کو زیب نہیں دیتا کہ
وہ کسی غیر مسلم سے ڈرے
Shaan Shahid
@mshaanshahid
 · Apr 22
The fighter has spoken @ImranKhanPTI .. we took  the oath of freedom with you .. and we hear your call from the heart @MoonisElahi6 @arsched @Salman_ARY
2",,2,https://twitter.com/Malikshazlatif1/status/1517659832110751745
,"#امپورٹڈ_حکومت_نامنظور

بہادر انسان ہمیشہ

عزت کی موت ہی مرتے ہیں
Muzzammil Aslam
@MuzzammilAslam3
 · Apr 23
وہ دن دور نہیں جب Twitter پر comments off کرکے PTI مخالف دانشور ، سیاستدان یہ اور کوئ Tweet کرے گا۰ کوئ ان کی بات سنے کو تیار ہی نہیں۰ قدرت کا انتقام! #امپورٹڈ_حکومت_نامنظور",,,https://twitter.com/Malikshazlatif1/status/1517687797880135683
,"Sir 
@ImranRiazKhan
  aaj gaib hai kaha hai koi khabar ho 

#امپورٹڈ_حکومت_نامنظور
Sabir Shakir
@ARYSabirShakir
 · Apr 23
پاکستان کے عوام ساتھ ہیں تو کیا غم ہے 
۔۔PEMRA سے کوئی گلہ نہیں وہ تو مجبور ہے twitter.com/AbdulqadirARY/…",,,https://twitter.com/Malikshazlatif1/status/1517657397040406530
,"آزادی یا امریکا کی غلامی فیصلہ آپکا

 فیصلہ عوام کا 

موت صرف ایک بار ملتی ہے
اس لئے عزت کی موت کے لئے دعا کرنی چاہیے

#امپورٹڈ_حکومت_نامنظور
PTI
@PTIofficial
 · Apr 23
حقیقی آزادی کی جنگ ملک کو لوٹنے والوں کا مقابلہ ہے-
چئیرمین پی ٹی آئی عمران خان 
 #امپورٹڈ_حکومت_نامنظور
2",,2,https://twitter.com/Malikshazlatif1/status/1517881052752134144
,"آزادی یا امریکا کی غلامی فیصلہ آپکا

 یا اپنی اولادوں کو امریکا سے آزادی دلانی ھے

 فیصلہ عوام کا 

موت صرف ایک بار ملتی ہے
اس لئے عزت کی موت کے لئے دعا کرنی چاہیے

#امپورٹڈ_حکومت_نامنظور
PTI
@PTIofficial
 · Apr 23
“Nobody usually receives the type of threat that we have received. This whole thing is shameful for our country.”-@ImranKhanPTI #ImranKhanMediaTalk #امپورٹڈ_حکومت_نامنظور
0:56
28.3K views
2
3",2,3,https://twitter.com/Malikshazlatif1/status/1517881476829921281
,"آزادی یا امریکا کی غلامی فیصلہ آپکا

 یا اپنی اولادوں کو امریکا سے آزادی دلانی ھے

 فیصلہ عوام کا 

موت صرف ایک بار ملتی ہے
اس لئے عزت کی موت کے لئے دعا کرنی چاہیے

#امپورٹڈ_حکومت_نامنظور
PTI
@PTIofficial
 · Apr 23
“Shahbaz Sharif must apologise for saying that the cypher was fake”-@ImranKhanPTI 
#ImranKhanMediaTalk #امپورٹڈ_حکومت_نامنظور
3",,3,https://twitter.com/Malikshazlatif1/status/1517881186374361093
,"آزادی یا امریکا کی غلامی فیصلہ آپکا

 یا اپنی اولادوں کو امریکا سے آزادی دلانی ھے

 فیصلہ عوام کا 

موت صرف ایک بار ملتی ہے
اس لئے عزت کی موت کے لئے دعا کرنی چاہیے

#امپورٹڈ_حکومت_نامنظور
PTI
@PTIofficial
 · Apr 23
“Nobody usually receives the type of threat that we have received. This whole thing is shameful for our country.”-@ImranKhanPTI #ImranKhanMediaTalk #امپورٹڈ_حکومت_نامنظور
28.3K views
0:06 / 0:59
2
3",2,3,https://twitter.com/Malikshazlatif1/status/1517881476829921281
,"آزادی یا امریکا کی غلامی فیصلہ آپکا

 یا اپنی اولادوں کو امریکا سے آزادی دلانی ھے

 فیصلہ عوام کا 

موت صرف ایک بار ملتی ہے
اس لئے عزت کی موت کے لئے دعا کرنی چاہیے

#امپورٹڈ_حکومت_نامنظور
PTI
@PTIofficial
 · Apr 23
“Shahbaz Sharif must apologise for saying that the cypher was fake”-@ImranKhanPTI 
#ImranKhanMediaTalk #امپورٹڈ_حکومت_نامنظور
0:23
49.8K views
3",,3,https://twitter.com/Malikshazlatif1/status/1517881186374361093
,"'Imported Hakoomat Namanzoor' trends in Qatar as well, 

shares Muneeb Butt 

copied 

#امپورٹڈ_حکومت_نامنظور

#MarchAgainstImportedGov
3
62
50",62,50,https://twitter.com/Malikshazlatif1/status/1518194921919946752
,"#امپورٹڈ_حکومت_نامنظور

#MarchAgainstImportedGovt 

رسول اللہ صلی اللہ علیہ وسلم نےارشاد  فرمایا: 

آخری زمانے میں بعض لوگ ایسے ہوں گے جو دنیا حاصل کرنے 

کے لئے دین کا سہارا لیں گے یہ بدترین لوگ ہوں گے.
6
5",6,5,https://twitter.com/Malikshazlatif1/status/1518377938873376771
,"جی یو آیی اور دیگر  ٹی ایل پی والےجو قران کے نام پر عوام 

سے ووٹ لیتے ہیں کیا مفتاح گستاخ کے بیان پر کوئی لب 

کوشایی کرینگے؟ 

#امپورٹڈ_حکومت_نامنظور

#MarchAgainstImportedGov
2
11
5",11,5,https://twitter.com/Malikshazlatif1/status/1518201844937412609
,"بڑوں نے آزادی دلواٗئی  مگر چند لوگوں نے غلام بنانے کی 

کوشيش کی 

دُر فٹے مُنہ

#امپورٹڈ_حکومت_نامنظور

#MarchAgainstImportedGovt
3
5",3,5,https://twitter.com/Malikshazlatif1/status/1518377673298427905
,"چیئرمین عمران خان زندہ باد۔ 

ہمارا مطالبہ۔فوری عام انتخابات۔

#امپورٹڈ_حکومت_نامنظور

#MarchAgainstImportedGovt
5
5",5,5,https://twitter.com/Malikshazlatif1/status/1518212442899156993
,"اب آپ نا ہی بولا کريں  اب ہنسی آتی ہے آپ ہميں 

يہ بتائيں کہ مُداخلت کی تفصيل کيا ہے

بہت اچھے ابھی دفاع کرنا ہے 

#امپورٹڈ_حکومت_نامنظور

#MarchAgainstImportedGovt
1
2",1,2,https://twitter.com/Malikshazlatif1/status/1518379102025179136
,"میں حیران ہوں کہ پٹواریوں میں اتنی

جلد وہ مہنگائی والا کیڑا بغیر دوا کے

کیسے مرگیا 

#امپورٹڈ_حکومت_نامنظور

#MarchAgainstImportedGov
4
3",4,3,https://twitter.com/Malikshazlatif1/status/1518206566280962048
,"آفرين ہے اُن لوگوں پر جو کہتے ہيں ہمارا ادارہ ٹھيک ہے

ہم پر چور مسلط کر دئيے ہيں سُبحان اللہ ادارے کا چُورن بنانا ہے

#امپورٹڈ_حکومت_نامنظور

#MarchAgainstImportedGovt
3
2",3,2,https://twitter.com/Malikshazlatif1/status/1518376275467026434
,"قبولیت کا مہینہ ہے آٶ ملکر ایک دعا کرتے ہیں

یا اللہ غدار کرپٹ PDM ٹولہ كو دُنیا آخرت میں ذلیل وخوار

 کر دے۔۔

آمین

#امپورٹڈ_حکومت_نامنظور

#MarchAgainstImportedGovt
1
2
5",2,5,https://twitter.com/Malikshazlatif1/status/1518216222197886977
,"جس جس پاکستانی بھائی میں ابھی غیرت باقی ہے وہ کھل

 کر شیر بہادر عاشق رسولﷺ عمران خان کا ساتھ دیگا 

باقی ھمارا اللہ یہ بھروسہ ہے

إِﻳﱠﺎكَ ﻧـَﻌْﺒُﺪُ وَإِﻳﱠﺎكَ ﻧَﺴْﺘَﻌِﲔُ

#امپورٹڈ_حکومت_نامنظور

#MarchAgainstImportedGov
4
3",4,3,https://twitter.com/Malikshazlatif1/status/1518053646004633600
,"ہم مُسلمان مملکت پاکستان اور ايک یہودی ہميں حکم دے گا 

دُر فٹے منہ اداروں کا

#امپورٹڈ_حکومت_نامنظور
3
3",3,3,https://twitter.com/Malikshazlatif1/status/1518017269951086595
,"کسی چپڑاسی کو نوکری چاہئيے ہو اُس کا بھی کريکٹر سرٹيفيکيٹ چيک ہوتا ہے

ہمارے لئيے صرف ايک مُجرم  اب احترام کيسے کروں سر

#امپورٹڈ_حکومت_نامنظور

#MarchAgainstImportedGov
8
4",8,4,https://twitter.com/Malikshazlatif1/status/1518027742096338944
,"جاگ اٹھا ہے سارا وطن ساتھیو مجاہدو

ہماری منزل خودمختار اور حقیقی آزاد پاکستان

#امپورٹڈ_حکومت_نامنظور

#MarchAgainstImportedGov
5
6",5,6,https://twitter.com/Malikshazlatif1/status/1518055742749749249
,"کہتے ہیں نسلی دوست چاہے جتنا بھی ناراض ہوجائے، 

مگر کبھی دشمن کی صف میں کھڑا نہیں ہوتا

#امپورٹڈ_حکومت_نامنظور

#MarchAgainstImportedGov
1",,1,https://twitter.com/Malikshazlatif1/status/1518053933729652736
,"عمران خان کا ہر سپاہی سچ حق کی آواز عوام تک پہنچائے

 تاکہ تمام مسلمانوں کو حق اور باطل کا فرق سمجھ آجائے

 ہم آزاد قوم ہیں غلامی برداشت نہیں کریں گے

#امپورٹڈ_حکومت_نامنظور

#MarchAgainstImportedGov
1
1",1,1,https://twitter.com/Malikshazlatif1/status/1518055044121350144
,"یہ مشکل وقت بھی نہیں رہے گا ان شا ء اللّٰہ!!

 عمران خان ہے. ہار نہیں مانی کیونکہ یہ شخص کہتا ہے

 ""ایاک نعبد و ایاک نستعین""

#امپورٹڈ_حکومت_نامنظور

#MarchAgainstImportedGov
1",,1,https://twitter.com/Malikshazlatif1/status/1518055478412324864
,"Salam hai sir meray muhab e watan Army ko 

#امپورٹڈ_حکومت_نامنظور

#MarchAgainstImportedGov
Arshad Sharif
@arsched
 · Apr 23
سلام ان غازیوں کو  فوج کے ریٹائرڈ آفیسرزعمران خان کی حمایت میں ڈٹ گئے۔سب کچھ داؤ پر لگا دیا- کیوں - جانیے اس ویڈیو میں 

https://youtu.be/xYH2viMGFQ4 
@karamatmughal by 
 #امپورٹڈ_حکومت_نامنظور
2
1",2,1,https://twitter.com/Malikshazlatif1/status/1518029577754394624
,"یہ شخص اتنا طاقتور ہے کہ اس کو ہرانے کے لیے 11 سیاسی 

جماعتیں اور دو طاقتور ادارے امریکہ نے خرید ڈالے لیکن

 اس شخص جس کا نام عمران خان ہے. ہار نہیں مانی کیونکہ 

یہ شخص کہتا ہے ""ایاک نعبد و ایاک نستعین""

#امپورٹڈ_حکومت_نامنظور

#MarchAgainstImportedGov
5
7",5,7,https://twitter.com/Malikshazlatif1/status/1518053701046386690
,"امريکی ساراج ہم پر مسلط ہے سوچ کر خون کھولتا ہے

تو نے جب بھی پکارا ہمیں اے وطن

 تیرے گلشن کو پھر سے سجائیں گے 

ہم جو بھی وعدہ کیا ہم نے پورا کیا

#امپورٹڈ_حکومت_نامنظور

#MarchAgainstImportedGov",,,https://twitter.com/Malikshazlatif1/status/1518057283355353088
,"کسی چپڑاسی کو نوکری چاہئيے ہو اُس کا بھی کريکٹر سرٹيفيکيٹ چيک ہوتا ہے

ہمارے لئيے صرف ايک مُجرم  اب احترام کيسے کروں سر

#امپورٹڈ_حکومت_نامنظور

#MarchAgainstImportedGov
Arshad Sharif
@arsched
 · Apr 23
سلام ان غازیوں کو  فوج کے ریٹائرڈ آفیسرزعمران خان کی حمایت میں ڈٹ گئے۔سب کچھ داؤ پر لگا دیا- کیوں - جانیے اس ویڈیو میں 

https://youtu.be/xYH2viMGFQ4 
@karamatmughal by 
 #امپورٹڈ_حکومت_نامنظور
1",1,,https://twitter.com/Malikshazlatif1/status/1518029217577025537
,"چند خاندان اگر غلام ہیں تو اس کا مطلب یہ نہیں 

کہ ساری قوم غلام ہے ۔ الحمد اللہ قوم آزاد ہے۔

 #امپورٹڈ_حکومت_نامنظور

#MarchAgainstImportedGov
PTI
@PTIofficial
 · Apr 24
Protest in St. Louis, USA against Imported Government in Pakistan!

#MarchAgainstImportedGovt
2
3",2,3,https://twitter.com/Malikshazlatif1/status/1518032756537712643
,"Sir Government kis ki hai aor kin logu ny di hai 

چین کرپشن پہ پھانسی دینے والا پہلا ملک ہے!

اور پاکستان کرپشن پہ وزارتیں دینے والا پہلا ملک!

#امپورٹڈ_حکومت_نامنظور

#MarchAgainstImportedGov
Imran Khan
@ImranRiazKhan
 · Apr 24
Daughter, wife and mother of Army officers.  twitter.com/MunibHamid/sta…
3
3",3,3,https://twitter.com/Malikshazlatif1/status/1518033661119152128
,"#امپورٹڈ_حکومت_نامنظور

#MarchAgainstImportedGov 

  تيرا ميرا رشتہ کيا   لاالہ الا اللہ 

 پاکستان کا مطلب کیا لاالہ الا اللہ
طلعت
@TalatKash
 · Apr 23
This March is for Pakistan and for our generation
#MarchAgainstImportedGovt
1",,1,https://twitter.com/Malikshazlatif1/status/1518019605582782468
,"خودکشیاں تو تب ہونگی

جب  رات 12 بجے اعلان ہوگا

کہ وزیراعظم اسلامی جمہوریہ پاکستان عمران خان 

دوسری دفعہ دو تہائی اکثریت سے کامیاب قرار۔۔۔ 

ان شاءاللہ

#امپورٹڈ_حکومت_نامنظور

#MarchAgainstImportedGov",,,https://twitter.com/Malikshazlatif1/status/1518025252995018753
,"کسی چپڑاسی کو نوکری چاہئيے ہو اُس کا بھی کريکٹر سرٹيفيکيٹ چيک ہوتا ہے

ہمارے لئيے صرف ايک مُجرم  اب احترام کيسے کروں سر

#امپورٹڈ_حکومت_نامنظور

#MarchAgainstImportedGov 
#WeStandWithAry
Major Adil Raja (R)
@soldierspeaks
 · Apr 24
#WeStandWithAryNews twitter.com/ImranRiazKhan/…
1",1,,https://twitter.com/Malikshazlatif1/status/1518029127810433024
,"پاکستان کا مطلب کیا لاالہ الا اللہ

#امپورٹڈ_حکومت_نامنظور

#MarchAgainstImportedGov
Hamza Shakil
@PTI_Lion26
 · Apr 23
Get ready Pakistan!!
#MarchAgainstImportedGovt
1",,1,https://twitter.com/Malikshazlatif1/status/1518019269145022464
,"Pakistan ka fakhar hai yeah 

#Absolutely #Not
لفظ سمجھنے کیلئے غيرت مند

 هونا ضروری هے 



#امپورٹڈ_حکومت_نامنظور

#MarchAgainstImportedGov
Zee Kay Kay
@ZeeKayKay8th
 · Apr 23
If Pak is on this page today, it is becz of the Pak Army with the help of Allah. We  r proud of our army. The thinking of Pak Army starts from where the thinking of an ordinary man ends. May Allah keep Pakistan happy and prosperous till the Day of Judgment.

#IStandWithPakArmy
4",,4,https://twitter.com/Malikshazlatif1/status/1518039854365425666
,"#Absolutely #Not
لفظ سمجھنے کیلئے غيرت مند

 هونا ضروری هے 



#امپورٹڈ_حکومت_نامنظور

#MarchAgainstImportedGov 
مير جعفر مل گے ہيں 
Zeeshan Baber
@malik_baber
 · Apr 24
بدلتے ہیں رنگ وزراء کیسے کیسے  
احسن اقبال نے مانا  کہ مراسلے کے اندر امریکی ڈپلومیٹ کی گفتگو quotes کے طور پر دی گئی  quotes میں دھمکی اور عدم اعتماد کو بھی مان لیا جبکہ شہزاد اقبال کے پاس رانا ثناء انکاری ہوگئے اور اگلے دن پھر شہزاد اقبال کے سوال پر احسن اقبال رنگ بدل گئے",,,https://twitter.com/Malikshazlatif1/status/1518042027883216897
,"#Absolutely #Not
لفظ سمجھنے کیلئے غيرت مند

 هونا ضروری هے 



#امپورٹڈ_حکومت_نامنظور

#MarchAgainstImportedGov 
مير جعفر مل گے ہيں 
Zeeshan Baber
@malik_baber
 · Apr 24
بدلتے ہیں رنگ وزراء کیسے کیسے  
احسن اقبال نے مانا  کہ مراسلے کے اندر امریکی ڈپلومیٹ کی گفتگو quotes کے طور پر دی گئی  quotes میں دھمکی اور عدم اعتماد کو بھی مان لیا جبکہ شہزاد اقبال کے پاس رانا ثناء انکاری ہوگئے اور اگلے دن پھر شہزاد اقبال کے سوال پر احسن اقبال رنگ بدل گئے
2:08
77.5K views",,,https://twitter.com/Malikshazlatif1/status/1518042027883216897
,"تاریخ نے یہ سیاہ دن بھی دیکھانا تھا عدالتوں میں کرپشن کے 

مقدمات میں مطلوب شخص کو وزیراعظم کا حلف اٹھا تے

 دیکھا اور تمام اداروں کو اسکا احترام کرتے دیکھا ہے. 

اسکا زمہ دار کون ہے لمحہ لمحہ فکریہ یے.

#امپورٹڈ_حکومت_نامنظور

#MarchAgainstImportedGovt
6
4",6,4,https://twitter.com/Malikshazlatif1/status/1518396065682231298
,"کتنے منحوس ہيں  لوڈ شيڈنگ شروع ہو گئی ہے

امريکی ساراج ہم پر مسلط ہے سوچ کر خون کھولتا ہے

#امپورٹڈ_حکومت_نامنظور

#MarchAgainstImportedGovt
1
11
8",11,8,https://twitter.com/Malikshazlatif1/status/1518413767830343680
,"محترم جنرل أصف غفور صاحب نے افواج پاکستان کا سحر قائم کیا تھا۔اور ایک نان أفیشل عوامی فورس پیدا کی تھی۔

أپ کے ایک فیصلے نے خود اپنے خلاف کر لی ہے۔اور یہ نفرت میں 

تبدیل ہو رہی ہے۔۔

 اليکشن کروا ديں غلامی تو قبول نہيں ہيں ہميں

#امپورٹڈ_حکومت_نامنظور
3
5
4",5,4,https://twitter.com/Malikshazlatif1/status/1518406112348942337
,"سپر پاور صرف ایک الله . . .

 لا حاكم الا الله . . . 

لا غالب الا الله . . . 

لا اله الا الله محمد رسول الله . . . 

پاکستان زندہ باد

#امپورٹڈ_حکومت_نامنظور

#MarchAgainstImportedGovt
4
5",4,5,https://twitter.com/Malikshazlatif1/status/1518402129479839746
,"دشمن سے گھبرا جانا

کسی مومن کی شان نہیں ہوا کرتی

نہ دیکھنا میرے وطن کو میلی نگاہ سے

ورنہ زمانہ گواہ ہےکہ ہم ایسی آنکھیں نوچ لیتے ہیں

#امپورٹڈ_حکومت_نامنظور

#MarchAgainstImportedGovt
1
2
3",2,3,https://twitter.com/Malikshazlatif1/status/1518403416619368448
,"ہم پاک فوج سے مُحبت کرتے ہيں دل سے 

زبردستی کی مُحبت کون کرتا ہے 

 فوج ہماری ہے سوال بھی کرے گے اب

  جواب بھی مانگے گے   يہ عوام فار سيل نہيں ہے

#امپورٹڈ_حکومت_نامنظور

#MarchAgainstImportedGovt
3
2",3,2,https://twitter.com/Malikshazlatif1/status/1518567618952810496
,"ففتھ جنريشن وار کا نام غلامی تھا

خان صاحب اک کَم چنگا کر گے او

سارے ای ننگے کر گے او 

#امپورٹڈ_حکومت_نامنظور

#MarchAgainstImportedGovt
1
3
5",3,5,https://twitter.com/Malikshazlatif1/status/1518736533788020738
,"اس کرپٹ نظام کے خلاف آخری سانس تک

اپنے #کپتــــــان کے ساتھ انصاف کی جنگ لڑتے رہیں گے...!!

غلامی کے اسیروں کی یہی خاص ادا ہے
ہوتی نہیں جو قوم حق بات پہ یکجا
اس قوم کا حاکم ہی فقط اس کی سزا 

ہے#امپورٹڈ_حکومت_نامنظور

#MarchAgainstImportedGovt
1
5
1",5,1,https://twitter.com/Malikshazlatif1/status/1518396461356097536
,"کيا ٹی وی پر خبريں چل رہی ہيں کہ ہم پاک فوج سے مُحبت کرتے ہيں

دُر فٹے مُنہ امريکی سامراج ہم پر مسلط کر کے يہ ڈرامے نہيں چلے 

 مُداخلت کيا ہُوئی قوم جاننا چاہتی ہے 

#امپورٹڈ_حکومت_نامنظور

#MarchAgainstImportedGovt
1
16
10",16,10,https://twitter.com/Malikshazlatif1/status/1518562071515959298
,"الحمداللہ شکر ہے اللہ کا کہ ليڈر بھی وہ عطا کيا ہے جس

 پر الزام يہ لگايا گيا ہے کہ قرآن کی آيات تلاوت کرتا ہے 

وَتُعِزُ مَن تَشَاء وَتُذِلُ مَن تَشَاء

#امپورٹڈ_حکومت_نامنظور

#MarchAgainstImportedGovt
3
6",3,6,https://twitter.com/Malikshazlatif1/status/1518385293400891392
,"سپر پاور صرف ایک الله . . . . . .

لا اله الا الله محمد رسول الله .

عمران خان زندہ آباد پاکستان پائندہ آباد

#امپورٹڈ_حکومت_نامنظور

#MarchAgainstImportedGovt
1",,1,https://twitter.com/Malikshazlatif1/status/1518424745687015427
,"يا اللہ غلامی تو خاتم النبينﷺ کی قبول کی ہے بس 

باقی تو بس اللہ ہُو اور جو ہماری غلامی تبديل کروانے

 کی کوشيش کرے گا اس کا کيا حال ہو گا

وقت ہے اليکشن کروائيں سائيڈ پر غيرت مند بن کر رہے

ہم مُلاں نہيں ہيں

#امپورٹڈ_حکومت_نامنظور

#MarchAgainstImportedGovt
Mir Mohammad Alikhan
@MirMAKOfficial
 · Apr 25
Hamid Mir. Ghareeda. Adel and to all the other liars. 

Shame on you for circulating a fake letter and maligning Pakistan. 

اب بھی غدّار نہ کہُوں ؟
1",1,,https://twitter.com/Malikshazlatif1/status/1518394319211794434
,"مُلاں  ہيں

#امپورٹڈ_حکومت_نامنظور

#MarchAgainstImportedGovt
Salman Durrani
@DurraniViews
 · Apr 24
مفتاح اسماعیل کے بیان پر لبیک والوں کی خاموشی بڑی معنی خیز ہے۔۔
1
1",1,,https://twitter.com/Malikshazlatif1/status/1518394946931339265
,"#امپورٹڈ_حکومت_نامنظور

#MarchAgainstImportedGovt 

message hai
PTI
@PTIofficial
 · Apr 25
Dear all, please help us find this person. His video from Diamer-Bhasha Dam against Shahbaz Sharif's hypocrisy went viral and then he was kicked out from this job by the coward Imported Government! 

#MarchAgainstImportedGovt
#امپورٹڈ_حکومت_نامنظور
0:43
148.9K views",,,https://twitter.com/Malikshazlatif1/status/1518406659277828096
,"#امپورٹڈ_حکومت_نامنظور

#MarchAgainstImportedGovt
Eimaan
@Cynosure100
 · Apr 25
Shehbaz Sharif being adjusted in the setup. 

#MarchAgainstImportedGovt",,,https://twitter.com/Malikshazlatif1/status/1518406376845889537
,"بے غيرت ويکھو

#امپورٹڈ_حکومت_نامنظور

#MarchAgainstImportedGovt
Khawar Ghumman
@Ghummans
 · Apr 25
مختلف ایشوز پر اختلافات ہو سکتے ہیں اور ہونے بھی چاہیے۔ دلیل کے ساتھ بحث و مباحثہ بھی ہونا چاہیے۔ لیکن بغیر تصدیق کے کسی جھوٹ کو سچ اور سچ کو جھوٹ بتانا کم از کم بحثیت صحافی میری سمجھ سے تو بالا تر ہے۔
1",,1,https://twitter.com/Malikshazlatif1/status/1518415435460452353
,"يا اللہ غلامی تو خاتم النبينﷺ کی قبول کی ہے بس 

باقی تو بس اللہ ہُو اور جو ہماری غلامی تبديل کروانے

 کی کوشيش کرے گا اس کا کيا حال ہو گا

وقت ہے اليکشن کروائيں سائيڈ پر غيرت مند بن کر رہے

ہم مُلاں نہيں ہيں

#امپورٹڈ_حکومت_نامنظور

#MarchAgainstImportedGovt
Major Adil Raja (R)
@soldierspeaks
 · Apr 25
#MeToo twitter.com/sabine_kayani/…",,,https://twitter.com/Malikshazlatif1/status/1518394194401894401
,"يا اللہ غلامی تو خاتم النبينﷺ کی قبول کی ہے بس 

باقی تو بس اللہ ہُو اور جو ہماری غلامی تبديل کروانے

 کی کوشيش کرے گا اس کا کيا حال ہو گا

وقت ہے اليکشن کروائيں سائيڈ پر غيرت مند بن کر رہے

ہم مُلاں نہيں ہيں

#امپورٹڈ_حکومت_نامنظور

#MarchAgainstImportedGovt
3",,3,https://twitter.com/Malikshazlatif1/status/1518393464177807361
,"يا اللہ غلامی تو خاتم النبينﷺ کی قبول کی ہے بس 

باقی تو بس اللہ ہُو اور جو ہماری غلامی تبديل کروانے

 کی کوشيش کرے گا اس کا کيا حال ہو گا

وقت ہے اليکشن کروائيں سائيڈ پر غيرت مند بن کر رہے

ہم مُلاں نہيں ہيں

#امپورٹڈ_حکومت_نامنظور

#MarchAgainstImportedGovt
Ather Kazmi
@2Kazmi
 · Apr 24
تقریباً دو سال قبل سابق بھارتی میجر گورو آریہ سے یہ انٹرویو کیا تھا، میجر صاحب کا چینل دیکھیں ہر دوسرا ویلاگ پاک فوج اور عمران خان کے خلاف،کسی اور پاکستانی وزیراعظم کو ایسے ٹارگٹ نہیں کیا۔ سنا ہے کہ آجکل میجر صاحب کو بہت فکر ہے کہ عمران خان اداروں کو ٹارگٹ کر رہے ہیں۔مختصر کلپ
1
3",1,3,https://twitter.com/Malikshazlatif1/status/1518394733034409987
,"يا اللہ غلامی تو خاتم النبينﷺ کی قبول کی ہے بس 

باقی تو بس اللہ ہُو اور جو ہماری غلامی تبديل کروانے

 کی کوشيش کرے گا اس کا کيا حال ہو گا

وقت ہے اليکشن کروائيں سائيڈ پر غيرت مند بن کر رہے

ہم مُلاں نہيں ہيں

#امپورٹڈ_حکومت_نامنظور

#MarchAgainstImportedGovt
Ather Kazmi
@2Kazmi
 · Apr 24
تقریباً دو سال قبل سابق بھارتی میجر گورو آریہ سے یہ انٹرویو کیا تھا، میجر صاحب کا چینل دیکھیں ہر دوسرا ویلاگ پاک فوج اور عمران خان کے خلاف،کسی اور پاکستانی وزیراعظم کو ایسے ٹارگٹ نہیں کیا۔ سنا ہے کہ آجکل میجر صاحب کو بہت فکر ہے کہ عمران خان اداروں کو ٹارگٹ کر رہے ہیں۔مختصر کلپ
1:05
55.2K views
1
3",1,3,https://twitter.com/Malikshazlatif1/status/1518394733034409987
,"جہاں پٹواری مل جائے اب اُس کے لئيے بہترين الفاظ
بے غيرت کيونکہ
Baggers can't be choosers 

#امپورٹڈ_حکومت_نامنظور

#MarchAgainstImportedGovt  غدار
1
10
5",10,5,https://twitter.com/Malikshazlatif1/status/1519101852364718086
,"ججوں اور جنرلوں کے ہاتھ عوام کا خون ہے۔

#امپورٹڈ_حکومت_نامنظور

#MarchAgainstImportedGovt  غدار
1
28
21",28,21,https://twitter.com/Malikshazlatif1/status/1518750039316774916
,"نوبت یہاں تک آن پہنچی ہے TV پر اشتہارات چلاۓ جا رہے ہیں

""سپورٹ پاک فوج

محترم يہ قوم کا پيسہ ہے اپنے ڈالر خرچ کريں 



#امپورٹڈ_حکومت_نامنظور

#MarchAgainstImportedGovt  غدار
5
4",5,4,https://twitter.com/Malikshazlatif1/status/1518930216432934912
,"خان تاریخ کا وہ پہلا وزیراعظم ہے

جو کرپشن بے ایمانی پہ نہیں

بلکہ خُوداری ، ایمانداری ، محب وطنی پر عہدے سے ہٹایا گیا

#امپورٹڈ_حکومت_نامنظور

#MarchAgainstImportedGovt
3
5",3,5,https://twitter.com/Malikshazlatif1/status/1518916932086468609
,"بھکاریوں نے رپورٹ لکھوائی جا کےامریکہ کےتھانے میں

کہ مُرشد نام لیتا ھےخدا کا اس زمانے میں

#امپورٹڈ_حکومت_نامنظور

#MarchAgainstImportedGovt  غدار
4
5",4,5,https://twitter.com/Malikshazlatif1/status/1518934877135069185
,"ايک مفرور اشتہاری کو پاسپورٹ دے ديا گيا ہے 

کُتی کے بچو اب عدالت نہيں لگی نا دن ميں نا ہی رات کو 

بے غيرتوں امريکہ کے آگے ليٹ جانے والوں

#امپورٹڈ_حکومت_نامنظور

#MarchAgainstImportedGovt  غدار
4
3",4,3,https://twitter.com/Malikshazlatif1/status/1518751245414158336
,"عمران خان سیاستدان نہیں بلکہ عالم اسلام کا ایک عظیم لیڈر ہے

سڑو پٹواریوں سڑو میمو امپورٹڈ حکومت نامنظور

#امپورٹڈ_حکومت_نامنظور

#MarchAgainstImportedGovt  غدار
11
10",11,10,https://twitter.com/Malikshazlatif1/status/1518916244451307520
,"#امپورٹڈ_حکومت_نامنظور

#MarchAgainstImportedGovt  غدار

شلوار قمیض والے کو اُردو نہیں آتی اور پینٹ شرٹ والے کو انگلش 
نہیں آتی...

اور ان کے سپوٹروں کو شرم نہیں آتی ۔۔
4
3",4,3,https://twitter.com/Malikshazlatif1/status/1518929130464677890
,"ھم خان صاحب کو روٹی کپڑا اور مکان کی بجائے

عزت غیرت  اور پاکستان کے لئے منتخب کریں گے۔۔۔!!! ان شاءاللہ

#امپورٹڈ_حکومت_نامنظور

#MarchAgainstImportedGovt  غدار
3
3",3,3,https://twitter.com/Malikshazlatif1/status/1518764059151282176
,"میرے ہم وطنو،  جاگتے رہنا۔ اپنی آزادی کے دفاع کے لئے  ،

 تھکنا نہیں،  ہمت نہیں ہارنی  ۔

 اپنی عزت اور غیرت کا سختی سے پہرہ دینا ہے  ۔

#امپورٹڈ_حکومت_نامنظور

#MarchAgainstImportedGovt
3
2",3,2,https://twitter.com/Malikshazlatif1/status/1518917960404021248
,"يہ اينکر بھی پاک فوج کی چوائس ہے سُبحان اللہ 

 سُبحان اللہ  اس کی فوج مُخالف باتيں روزانہ سُن کر کتنے خوش ہوتے ہوں گے

#امپورٹڈ_حکومت_نامنظور

#MarchAgainstImportedGovt
A.J
@AhmedWJanjua
 · Apr 26
عمران خان کی حکومت میں جو حرام تھا موجودہ حکومت میں حلال لکھا اور پکارا جائے گا۔ 

یقین نہ آئے تو دونوں موقعوں پہ حامد میر کی اثبات میں ہلتی ہوئی گردن ملاحظہ ہو۔ 

#امپورٹڈ_حکومت_نامنظور
1:05
10.1K views
2",2,,https://twitter.com/Malikshazlatif1/status/1518744172827664387
,"بجلی کے بعد ملک میں آیک نیا بحران سر اٹھانے لگا، پنجاب 

بھر میں ڈیزل کی کمی، ڈیزل کی کمی کے باعث کسانوں 

کو مشکلات کا سامنا، فصلوں کی کٹائی بھی تاخیر کا شکار۔
@OfficialDGISPR
 

#امپورٹڈ_حکومت_نامنظور

#MarchAgainstImportedGovt  غدار
10
9",10,9,https://twitter.com/Malikshazlatif1/status/1518765001821011968
,"#امپورٹڈحکومت_نامنظور

13کروڑ 86لاکھ ٹویٹس

پاکستانی سوشل میڈیا ٹیم کوسلام

#امپورٹڈ_حکومت_نامنظور

#MarchAgainstImportedGovt  غدار
1
2",1,2,https://twitter.com/Malikshazlatif1/status/1518926013744431104
,"پاکستان کے مستقبل کا فیصلہ کوئ بیرون طاقت اور

 انکے آلہ کار نہیں بلکہ پاکستانی عوام کرے گی إن شاءالله

#امپورٹڈ_حکومت_نامنظور

#MarchAgainstImportedGovt  غدار
3
4",3,4,https://twitter.com/Malikshazlatif1/status/1518772379236904960
,"Sir aik taraf aap jaisey Army ky jawan hai 

tou phir bhi bik gy hai 

#امپورٹڈ_حکومت_نامنظور

#MarchAgainstImportedGovt  غدار
Major Adil Raja (R)
@soldierspeaks
 · Apr 25
الیکشن کرواو ٹافیاں نا کھلاو۔

#امپورٹڈ_حکومت_نامنظور 

#PakistanNeedsElections 
#MarchAgainstImportedGovt
2
2",2,2,https://twitter.com/Malikshazlatif1/status/1518758480441749507
,"قوم کا یہ کہنا ہے فوری الیکشن

#امپورٹڈ_حکومت_نامنظور

#MarchAgainstImportedGovt  غدار
9
4",9,4,https://twitter.com/Malikshazlatif1/status/1518776985924915202
,"ميرے وطن کے مُحافظ ہی بکاؤ نکلے

ايسی تو نہيں تھی ميرے وطن کی پاک فوج 

آج پاکستانی باشعور ہیں 

#امپورٹڈ_حکومت_نامنظور

#MarchAgainstImportedGovt  غدار
Arshad Sharif
@arsched
 · Apr 24
“آرمی چیف فوج سے اوپر نہیں اور آرمی پاکستان سے اوپر نہیں- اگر ہماری سوچ یہ ہے کہ کوئی فرد ادارے سے اور کوئی ادارہ ملک سے بالا تر نہیں تو پاکستان کے حالات بہت بہتر ہو جائیں گے” 
آج پاکستانی باشعور ہیں -
 #امپورٹڈ_حکومت_نامنظور
#MarchAgainstImportedGovt
1
5",1,5,https://twitter.com/Malikshazlatif1/status/1518757841175302145
,"#امپورٹڈ_حکومت_نامنظور

#MarchAgainstImportedGovt  غدار
Major Adil Raja (R)
@soldierspeaks
 · Apr 25
الیکشن کرواو ٹافیاں نا کھلاو۔

#امپورٹڈ_حکومت_نامنظور 

#PakistanNeedsElections 
#MarchAgainstImportedGovt
1",1,,https://twitter.com/Malikshazlatif1/status/1518758155597107206
,"کوئی فوج کے خلاف ميلی آنکھ سے نہيں ديکھ سکتا ہے

اچھا جی ويسے کِس نے جُرأت کی ہے ميلی آنکھ سے ديکھنے کی 

سٹاک مارکيٹ، ڈالر کا ريٹ اب بجلی پيٹرول ڈيزل کا حساب آپ ديں گے

 ويسے محسن داوڑ سعوديہ جا رہا ہے

#امپورٹڈ_حکومت_نامنظور

#MarchAgainstImportedGovt  غدار
4
3",4,3,https://twitter.com/Malikshazlatif1/status/1518924268628807680
,"چہرہ بدلا، کردار وہی ہے

ہم پہ قابض غدار وہی ہے

کفر کے ہاتھ بکا ہے جو بھی

قبیلے کا اپنے سردار وہی ہے

#امپورٹڈ_حکومت_نامنظور

#MarchAgainstImportedGovt",,,https://twitter.com/Malikshazlatif1/status/1518742224346959875
,"#امپورٹڈ_حکومت_نامنظور

#MarchAgainstImportedGovt  غدار

 اوئے امريکيو ہميں تُمھاری معافی کی ضرورت نہيں تم ہو کون جيو مُرشد

کیا ہم کوئی غلام ہے کہ جو آپ کہیں ہم مان لیں

اے اہل وطن اے اہلِ قفس تم خاص الخاص ہو عام نہیں

تم سارے گھر کی عزت ہو ، تم حاکم ہو محکوم نہیں
Irshad Bhatti
@IrshadBhatti336
 · Apr 25
بھٹوخاندان کی چوتھی نسل اقتدار میں،باچاخان کی چوتھی نسل،مفتی محمودکی تیسری نسل،چوہدری خاندان کی تیسری نسل،نواز،شہباز کی دوسری نسل،اچکزئی خاندان کی دوسری نسل اقتدار میں،ایم کیو ایم3دہائیوں سےاقتدارمیں اور ساڑھے3سالوں میں ملک تباہ کرگیا عمران خان۔۔
چشمِ بدور تیری منطق۔۔
کچھ۔۔
کچھ۔۔",,,https://twitter.com/Malikshazlatif1/status/1518757217331200002
,"خان پر کیا خوبصورت الزام آیا ہے

قرآن کی آیات پڑھتا ہے اور ان پر یقین بھی رکھتا ہے۔

واہ میرے مالک

إِﻳﱠﺎكَ ﻧـَﻌْﺒُﺪُ وَإِﻳﱠﺎكَ ﻧَﺴْﺘَﻌِﲔُ

#امپورٹڈ_حکومت_نامنظور

#MarchAgainstImportedGovt  غدار
A.J
@AhmedWJanjua
 · Apr 26
شہباز شریف سب کو اپنے ساتھ عمرے پہ اس لئے بھی لے کے جا رہا ہے کہ پیچھے کوئی اور وزیراعظم نہ بن جائے 

#امپورٹڈ_حکومت_نامنظور
1
2",1,2,https://twitter.com/Malikshazlatif1/status/1518767448887115776
,"#امپورٹڈ_حکومت_نامنظور

#MarchAgainstImportedGovt  غدار
Azhar Mashwani
@MashwaniAzhar
 · Apr 26
چئیرمین تحریک انصاف عمران خان کا شیڈول:
آج پشاور
کل لاہور
جمعرات اسلام آباد
جمعے کو ملتان 

#امپورٹڈ_حکومت_نامنظور
1",,1,https://twitter.com/Malikshazlatif1/status/1518771892139839488
,"خان پر کیا خوبصورت الزام آیا ہے

قرآن کی آیات پڑھتا ہے اور ان پر یقین بھی رکھتا ہے۔

واہ میرے مالک

إِﻳﱠﺎكَ ﻧـَﻌْﺒُﺪُ وَإِﻳﱠﺎكَ ﻧَﺴْﺘَﻌِﲔُ

#امپورٹڈ_حکومت_نامنظور

#MarchAgainstImportedGovt  غدار
Raheeq Abbasi
@RaheeqAbbasi
 · Apr 26
نواب سراج الدولہ کون تھا ۔۔ آج بہت کام لوگ جانتے ہیں۔
لیکن میر جعفر آج بھی غداری کا دوسرا نام ہے ۔ 
ملک و قوم سے غداری کرنے والے صدیوں تک عبرت کا نشان بن جاتے ہیں ۔ 
ابھی وقت ہے اصلاح کر لیں۔ غلطی انسان سے ہوتی ہے غلطی پر اکڑ جانا اصل جرم ہے ۔
#غلطی_سدھارو_الیکشن_کراؤ",,,https://twitter.com/Malikshazlatif1/status/1518766725394833410
,"#امپورٹڈ_حکومت_نامنظور

#MarchAgainstImportedGovt  غدار
MaSooM KaShiF
@Dirojay60
 · Apr 25
حامد میر کیلئے! یہ سُنو  #MarchAgainstImportedGovt",,,https://twitter.com/Malikshazlatif1/status/1518758030262812675
,"#امپورٹڈ_حکومت_نامنظور

#MarchAgainstImportedGovt  غدار
MaSooM KaShiF
@Dirojay60
 · Apr 25
حامد میر کیلئے! یہ سُنو  #MarchAgainstImportedGovt
1:02
27K views",,,https://twitter.com/Malikshazlatif1/status/1518758030262812675
,"#امپورٹڈ_حکومت_نامنظور

#MarchAgainstImportedGovt  غدار

پاک فوج کے ذمہ دار کہتے ہيں ہم نے کچھ نہيں کِيا

چلے آپ کی ڈرامے بازی بھی قبول اب کُچھ کريں 

ہميں اليکشن چاہئيے بس
1
19
13",19,13,https://twitter.com/Malikshazlatif1/status/1519121647382507521
,"ڈی جی آئی ايس پی آر کی  حکومت سے مُلاقات 

کہ اور کوئی  چور رہ تو نہيں گيا جس کو وزير  بنانا مقصود ہو گا

#امپورٹڈ_حکومت_نامنظور

#MarchAgainstImportedGovt  غدار
4
2",4,2,https://twitter.com/Malikshazlatif1/status/1519301645544394757
,"میں حیران ہوں کہ پٹواریوں میں اتنی

جلد وہ مہنگائی والا کیڑا بغیر دوا کے

کیسے مرگیا 

#امپورٹڈ_حکومت_نامنظور

#MarchAgainstImportedGovt
18
20",18,20,https://twitter.com/Malikshazlatif1/status/1519303512353562625
,"نہ ہمیں امپورٹڈ وزیراعظم قبول ہے نہ امپورٹڈ آرمی چیف۔

 مقتدر حلقے سُن ليں



#امپورٹڈ_حکومت_نامنظور

#MarchAgainstImportedGovt  غدار
6
6",6,6,https://twitter.com/Malikshazlatif1/status/1519111900608536578
,"پرانے پاکستان کی پرانی یکیاں پھر شروع ۔

موصوف 4 سالوں میں ایک بھی عمرہ ادا نہ کرسکے

 حکومت میں آتے ھی عمرہ یاد آگیا ۔۔۔۔

how beggars can choose 

#امپورٹڈ_حکومت_نامنظور

#MarchAgainstImportedGovt  غدار
1
7
7",7,7,https://twitter.com/Malikshazlatif1/status/1519300122903040002
,"بلاول بھٹو ضیا کے اوپننگ بیٹسمین کی جماعت کے وزیر خارجہ بن گئے۔۔۔!!!

ذوالفقار بھٹو کو پھانسی لگانے والے ضیاء الحق کی پیدا کردہ 

جماعت مسلم لیگ ن کے شہباز شریف اب بلاول کے باس ہیں

پیپلزپارٹی اور جیالوں کو بہت مبارک

#امپورٹڈ_حکومت_نامنظور

#MarchAgainstImportedGovt
4
3",4,3,https://twitter.com/Malikshazlatif1/status/1519329269595484160
,"جب تک سی پیک ختم نہیں ہو جاتا اور دشت گردی عام نہیں 

ہو جاتی میں شو باز غریب چین سے اور آرام سے نہیں بیٹھوں گا 

 بقلم خود وزیر اعظم چیری بلاسم 

#امپورٹڈ_حکومت_نامنظور

#MarchAgainstImportedGovt  غدار
7
4",7,4,https://twitter.com/Malikshazlatif1/status/1519119939763945472
,"قوم کا پيسہ بچانے کی غرض سے سامان بھی ايک ہی جہاز ميں رکھ ليا گيا 

مال مُفت دل بے رحم

 دُر فٹے مُنہ تواڈی چوائس دا 

#امپورٹڈ_حکومت_نامنظور

#MarchAgainstImportedGovt  غدار
2",2,,https://twitter.com/Malikshazlatif1/status/1519292675475877891
,"#امپورٹڈ_حکومت_نامنظور

#MarchAgainstImportedGovt  غدار

امیر کی بیٹی کو تھوڑی چوٹ لگی پورے میڈیا نے سر پر اٹھا رکھا تھا

مگر غریب کا گھر جل گیا اور پورا خاندان تباہ ہوگیا مگر کسی کا ایمان نہیں جاگا ....

ڈی جی آئی ايس پی آر
2",2,,https://twitter.com/Malikshazlatif1/status/1519329249383043073
,"یا اللہ میری دُعا ہے اس رمضان میں

اور میری دُعا تیرے سے بہتر کوی نہیں

جانتا آپ لوگ غلط مطلب نہ لینا 

#امپورٹڈ_حکومت_نامنظور

#MarchAgainstImportedGovt  غدار
2
4",2,4,https://twitter.com/Malikshazlatif1/status/1519119116271030273
,"ایران ایٹمی طاقت نہیں گزشتہ30 سالوں سے امریکہ مخالف 

ھے کیا اکھاڑ لیا؟

کوریا کا کیا بگاڑ لیا؟

افغانستان خالی پتھروں سے بھگا دیا امریکہ کو

او تم ایٹمی طاقت اور قوم کا کھربوں کا ٹیکس لگاتے ہو دفاع پر
اور ہر بار لیٹ گئے؟

#امپورٹڈ_حکومت_نامنظور",,,https://twitter.com/Malikshazlatif1/status/1519332333920399361
,"جو بیٹا ماں کے کپڑے اتروانے والوں کے ساتھ اقتدار میں شامل

 ھو جائے اس کے سپورٹرز کا لیول کیا ھوگا



#امپورٹڈ_حکومت_نامنظور

#MarchAgainstImportedGovt
2
2",2,2,https://twitter.com/Malikshazlatif1/status/1519337452166696960
,"Agreed 

#امپورٹڈ_حکومت_نامنظور

#MarchAgainstImportedGovt  غدار
4
4",4,4,https://twitter.com/Malikshazlatif1/status/1519118126759165952
,"تیرے بغض میں بڑے بڑے کردار گرے، 

منصف گرے، سالار گرے،

عدل کے اونچے مینار گرے

مذہب کے ٹھیکیدار گرے،

اس مٹی کے غدار گرے۔۔

لیکن نہ میں گرا نہ میری امیدوں کے مینار گرے

پر کچھ لوگ مجھے گرانے میں کئی بار گرے۔

#امپورٹڈ_حکومت_نامنظور

#MarchAgainstImportedGovt  غدار
1",,1,https://twitter.com/Malikshazlatif1/status/1519299031595368448
,"Apny MNA sy pooch ly tanzeem saaz hai sary 

#امپورٹڈ_حکومت_نامنظور

#MarchAgainstImportedGovt
Imran Khan
@ImranRiazKhan
 · Apr 26
اوئے اتنی بڑی سازش بھکاری تو میرے گھر میں ورلڈ وار کروانے لگے ہیں۔ کہاں چھپائی ہے میں نے یہ والی بیوی؟  twitter.com/imranriazkhan/…
1",1,,https://twitter.com/Malikshazlatif1/status/1519126093340594177
,"#امپورٹڈ_حکومت_نامنظور

#MarchAgainstImportedGovt
PTI
@PTIofficial
 · Apr 27
وقت ثابت کرے گا کہ آپ عمران خان کو صرف قائد اعظم سے موازنہ کریں گے۔آفتاب اقبال

#امپورٹڈ_حکومت_نامنظور 
#MarchAgainstImportedGovt
0:46
30.4K views
1
2",1,2,https://twitter.com/Malikshazlatif1/status/1519305165412745216
,"نہ ہمیں امپورٹڈ وزیراعظم قبول ہے نہ امپورٹڈ آرمی چیف

ہمیں کوئی فرق نہیں پڑتا کہ آرمی چیف کون بنتا ہے کوئی بھی بن جائے 

لیکن آگر عمران خان کو انصاف نہیں ملا تو ہم کسی کو نہیں

 بخشیں گے ،کسی کو بھی۔۔۔

#امپورٹڈ_حکومت_نامنظور

#MarchAgainstImportedGovt
Imran Khan
@ImranRiazKhan
 · Apr 26
امپورٹڈ وزیر اعظم خود تو متنازعہ ہے ہی اب پوری فوج کو بھی متنازعہ کرے گا۔ جناب آپ شب خون مار کر آئے ہیں ۔ قوم آپکو یہ من مانی کبھی نہیں  کرنے دے گی۔ الیکشن کراؤ بزدلو۔ بلی تھیلے سے باہر نہ نکالو۔

آرمی چیف کی تعیناتی وزیراعظم کا آئینی حق ہے، شہباز شریف https://urdu.arynews.tv/627375-2/",,,https://twitter.com/Malikshazlatif1/status/1519125792038473730
,"دُر فٹے مُنہ تواڈی چوائس دا 

#امپورٹڈ_حکومت_نامنظور

#MarchAgainstImportedGovt  غدار
2",,2,https://twitter.com/Malikshazlatif1/status/1519118688611352576
,"#امپورٹڈ_حکومت_نامنظور

#MarchAgainstImportedGovt
PTI
@PTIofficial
 · Apr 27
وقت ثابت کرے گا کہ آپ عمران خان کو صرف قائد اعظم سے موازنہ کریں گے۔آفتاب اقبال

#امپورٹڈ_حکومت_نامنظور 
#MarchAgainstImportedGovt
30.4K views
0:03 / 0:47
1
2",1,2,https://twitter.com/Malikshazlatif1/status/1519305165412745216
,"#امپورٹڈ_حکومت_نامنظور

#MarchAgainstImportedGovt  غدار
Haleem Adil Sheikh
@HaleemAdil
 · Apr 27
ایفیڈرین کیس کے مرکزی ملزم حنیف عباسی رہ گئے تھے انہیں بھی وفاقی وزیر کا درجہ دیکر معاون مقرر کردیا گیا ہے. اب عزیر بلوچ کا انتظار ہے دیکھتے ہیں انہیں کب وزیرلگاتے ہیں

#امپورٹڈ_حکومت_نامنظور
1",1,,https://twitter.com/Malikshazlatif1/status/1519300800857747456
,"#امپورٹڈ_حکومت_نامنظور

#MarchAgainstImportedGovt  غدار
Dr. Shahbaz GiLL
@SHABAZGIL
 · Apr 27
فَنَجْعَل لَّعْنَةَ اللّهِ عَلَى الْكَاذِبِينَ
جو رمضان المبارک میں اس قدر دبا کر جھوٹ بولتی ہیں
عام دنوں میں کیا حالات ہوں گے
استغفرُللہ
شادی کی خبر ایک صحافی کے ٹویٹ میں
اور عمران خان کے دورہ سعودی عرب کی خبر
دوبارہ
فَنَجْعَل لَّعْنَةَ اللّهِ عَلَى الْكَاذِبِينَ
آل عمران
1
1",1,1,https://twitter.com/Malikshazlatif1/status/1519112704723755010
,"#امپورٹڈ_حکومت_نامنظور

#MarchAgainstImportedGovt  غدار
Chaudhary Ghulam Husain
@GhulamHusainPK
 · Apr 26
شہباز شریف نے فرانس کے صدر کو دوبارہ مُنتخب ہونے پر مبارکباد دی۔
تحریکِ لبّیک خُوشی سے نڈھال
اسی صدر نے ہمارے پیارے نبی صلی اللّٰہ علیہ وسلم کی شان میں گستاخی کی تھی

#امپورٹڈ_حکومت_نامنظور
4
3",4,3,https://twitter.com/Malikshazlatif1/status/1519112560829767680
,"#امپورٹڈ_حکومت_نامنظور

#MarchAgainstImportedGovt  غدار
Kanwal Shauzab Ex-MNA
@KanwalMna
 · Apr 27
مریم اورنگزیب نے ایک ہفتے کے اندر وزارت اطلاعات کا بیڑہ غرق کر دیا  فیک ہیش ٹیگ پر پریس کانفرنس کر دی آج شہباز شریف کے سعودی عرب کے اخراجات پر سفید جھوٹ بول دیا اس طرح کی حرکتوں سے پاکستان کا بیانیہ بیٹھ جائیگا امپورٹڈ حکومت کی مسلط وفاقی وزیر ہیں پر پاکستان کا تو خیال کرلیں
Show this thread",,,https://twitter.com/Malikshazlatif1/status/1519112442151903233
,"#امپورٹڈ_حکومت_نامنظور

#MarchAgainstImportedGovt  غدار

ڈی جی آئی ايس پی آر 

 آپ کے حساب سے ڈالر سستا ہو رہا ہے مگر پاکستان ميں

 ہر چيز مہنگی ہو رہی ہے کوئی پريس کانفرنس نہيں 

  دُر فٹے مُنہ تواڈی چوائس دا
10
10",10,10,https://twitter.com/Malikshazlatif1/status/1519471626655576064
,"مارنیاں ڈکیتیاں
تے
کرنے عمرے۔۔

واہ جی واہ!

 دُر فٹے مُنہ تواڈی چوائس دا

#امپورٹڈ_حکومت_نامنظور

#MarchAgainstImportedGovt  غدار
12
12",12,12,https://twitter.com/Malikshazlatif1/status/1519483938670104576
,"اس منحوس پر لعنت بھیج دیں

لبيک والوں کو قصائی نے ہڈی دے دی ہے

#امپورٹڈ_حکومت_نامنظور

#MarchAgainstImportedGovt
2
14
13",14,13,https://twitter.com/Malikshazlatif1/status/1519641955747172354
,"یا اللہ پاکستان کے ججوں کے ساتھ روزِ محشر ایسا ہی انصاف

 کرنا جیسا یہ پاکستان کے عوام کے ساتھ کر رہے ہیں آمین

#امپورٹڈ_حکومت_نامنظور

#MarchAgainstImportedGovt  غدار
6
11
13",11,13,https://twitter.com/Malikshazlatif1/status/1519637471268585472
,"جب انڈیا نے فروری میں 2019 میں پاکستان پر حملہ کیا تو 

اس وقت بلاول نے پاکستانی افواج پر سوالات اٹھائے، تمسخر

 اڑایا اور انڈین بیانیے سے ملتی جلتی باتیں کیں

آج اسی بلاول کو پاکستان کا وزیر خارجہ بنواتے ہوئے ""انہیں"" کوئی شرم آئی؟ 

#امپورٹڈ_حکومت_نامنظور
1
3
2",3,2,https://twitter.com/Malikshazlatif1/status/1519506408168906759
,"کھلاڑیوں ٹرینڈ میں اپنا حصہ ڈالو زیادہ سے زیادہ

#امپورٹڈ_حکومت_نامنظور
6
4",6,4,https://twitter.com/Malikshazlatif1/status/1519634890446233601
,"لندن کے ڈاکٹر آخر کار اس نتیجے پر پہنچے ہیں کہ 

میاں صاحب دوائی کھانے سے نہیں ملک کھانے سے ہی

 ٹھیک ہوں گے 

#امپورٹڈ_حکومت_نامنظور

#MarchAgainstImportedGovt  غدار
1
5
3",5,3,https://twitter.com/Malikshazlatif1/status/1519506989595906048
,"مُرشد پر آرٹيکل 6 لگائيں گے  اس کا مطلب ہے

 بائيس کروڑ قوم پر آرٹيکل6 لگے گا جلدی کرو 

#امپورٹڈ_حکومت_نامنظور

#MarchAgainstImportedGovt  غدار
1
7
11",7,11,https://twitter.com/Malikshazlatif1/status/1519828389221351424
,"آزاد خارجہ پالیسی ہی اس ملک کی ترقی کا واحد حل ہے، 

اسلئے بحثیت قوم ہم سب پر لازم ہے کہ ہم قیام پاکستان کا 

مطلب سمجھیں اور غلامی کی زنجیروں کو توڑیں کر ملک 

کی حقیقی آزادی کی جہدوجہد کریں۔

#امپورٹڈ_حکومت_نامنظور

#MarchAgainstImportedGovt  غدار
3
2",3,2,https://twitter.com/Malikshazlatif1/status/1519509990863736832
,"2018 میں مریم نواز کا نعرہ تھا عمران اور زرداری بھائی بھائی

اور 2022 کا نعرہ ہے ۔زرداری میرا باپ جیسا ۔

اور بلاول بہن جیسی نانی 420 نامنظور

#امپورٹڈ_حکومت_نامنظور

#MarchAgainstImportedGovt  غدار
1
8
4",8,4,https://twitter.com/Malikshazlatif1/status/1519631946921488384
,"امریکہ نے مفتاح اسماعیل جیسے لوگوں اور انکے سپورٹروں

 کے بارے میں ہی کہا تھا کہ ڈالر کے لیے اپنی مائیں بہنیں

 بھی بیچ دیتے ہیں

#امپورٹڈ_حکومت_نامنظور

#MarchAgainstImportedGovt  غدار
2
6",2,6,https://twitter.com/Malikshazlatif1/status/1519633061268398080
,"#امپورٹڈ_حکومت_نامنظور

#MarchAgainstImportedGovt  غدار

ڈی جی آئی ايس پی آر 

 آپ کے حساب سے ڈالر سستا ہو رہا ہے مگر پاکستان ميں

 ہر چيز مہنگی ہو رہی ہے کوئی پريس کانفرنس نہيں 

  دُر فٹے مُنہ تواڈی چوائس دا

.
-----------------------
 ان شاءاللہ
Omar Sarfraz Cheema
@OmarCheemaPTI
 · Apr 28
اگر ہم بحیثیت قوم پاکستان کا مطلب کیا “ لا الہ الا اللہ “ پر عمل کریں 

تو وہ دن دور نہیں جب ہم انشاءاللہ ایک خوددار قوم کے طور پر دنیا میں پہچانے جائیں گے 

پاکستان  زندہ باد
2
2",2,2,https://twitter.com/Malikshazlatif1/status/1519472290328719360
,"یہ وہی پاکستان ہے جس کے بارے میں اس کے دادا نے کہا تھا

 شکر ہے میں پاکستان بنانے کے گناہ میں شریک نہیں تھا 

لیکن ہماری بدقسمتی ہم پر یہی لوگ مسلط کر دئیے گئے

#امپورٹڈ_حکومت_نامنظور

#MarchAgainstImportedGovt  غدار
4
3",4,3,https://twitter.com/Malikshazlatif1/status/1519506702961369088
,"""ستائیسویں شب کو میں مولانا طارق جمیل کیساتھ شبِ دعا

 میں شرکت کروں گا، پوری قوم اپنے ملک کی خوداری اور

 حقیقی آزادی کے لیے اس میں شریک ہو۔ ""

چیئرمین پی ٹی آئی عمران خان

#امپورٹڈ_حکومت_نامنظور

#MarchAgainstImportedGovt  غدار
5
7",5,7,https://twitter.com/Malikshazlatif1/status/1519642854976630788
,"سپر پاور صرف ایک الله . . . . . .

لا اله الا الله محمد رسول الله .

عمران خان زندہ آباد پاکستان پائندہ آباد

#امپورٹڈ_حکومت_نامنظور

#MarchAgainstImportedGovt  غدار
1
1",1,1,https://twitter.com/Malikshazlatif1/status/1519512727605194752
,"نواز شریف کے بعد اسحاق ڈار کو بھی پاسپورٹ جاری کردیا گیا

عمران کہتا ہے کوئی رہ تو نہیں گیا جو میرے مخالف نہ ہو،

 جبکہ امپورٹڈ حکومت کہہ رہی ہے کوئی رہ تو نہیں گیا جس

 کو ریلیف نہ ملا ہو۔۔۔!!

#امپورٹڈ_حکومت_نامنظور

#MarchAgainstImportedGovt  غدار
3
1",3,1,https://twitter.com/Malikshazlatif1/status/1519507621849362432
,"مبارکباد کے مستحق ہیں عمر ایوب صاحب پچھلے ساڑھے تین 

سال میں ایک گھنٹے کی بھی لوڈشیڈنگ نہیں ہوی

#امپورٹڈ_حکومت_نامنظور

#MarchAgainstImportedGovt  غدار
5
10",5,10,https://twitter.com/Malikshazlatif1/status/1519641537159835648
,"اس کرپٹ نظام کے خلاف آخری سانس تک

اپنے #کپتــــــان کے ساتھ انصاف کی جنگ لڑتے رہیں گے...!

#امپورٹڈ_حکومت_نامنظور

#MarchAgainstImportedGovt  غدار
1
1",1,1,https://twitter.com/Malikshazlatif1/status/1519512485103120384
,"#امپورٹڈ_حکومت_نامنظور

#MarchAgainstImportedGovt  غدار
Sabir Shakir
@ARYSabirShakir
 · Apr 26
آج بابرکت شب قدر دعاؤں کی قبولیت کی باسعادت رات ہے دنیامیں بسنے والےتمام پاکستانیوں سےدرخواست کہ اللہ تعالیٰ سے اپنےوطن مملکت خدادا پاکستان کیلئےدعائیں کریں کہ منافقین لٹیروں میرجعفروں میر صادقوں کےمنصوبے خاک میں ملائے،انہیں رُسواکرے پاکستان زندہ باد 
شہیدوں کےخون کی حرمت کوسلام
2
2",2,2,https://twitter.com/Malikshazlatif1/status/1519474715131269121
,"پٹواریوں سے بحث کرنے کی بجاے دس کا نوٹ نکال کے دے دیا کریں
کیونکہ
Baggers can't be choosers 
#امپورٹڈ_حکومت_نامنظور

#MarchAgainstImportedGovt  غدار
PTI
@PTIofficial
 · Apr 28
“Shehbaz Sharif is a beggar, but this country and the people aren’t beggars!”-@ShireenMazari1 #MarchAgainstImportedGovt
1:56
17.3K views
2",,2,https://twitter.com/Malikshazlatif1/status/1519479113102376963
,"ان شاء اللہ آج لیلتہ القدر ہے ان چور لٹیروں سے چھٹکارے 

اور پاکستان کی سلامتی کے لیے سب لوگ دعا کریں۔

#امپورٹڈ_حکومت_نامنظور

#MarchAgainstImportedGovt  غدار
Imran Khan
@ImranRiazKhan
 · Apr 27
 twitter.com/AyeshaBhutta01…
1
2",2,,https://twitter.com/Malikshazlatif1/status/1519468517560664064
,"#امپورٹڈ_حکومت_نامنظور

#MarchAgainstImportedGovt  غدار
ARY News Urdu
@arynewsud
 · Apr 28
چیئرمین پاکستان تحریک انصاف اور سابق وزیر اعظم عمران خان نے اے آر وائی نیوز کے صحافی ارشد شریف کو ہراساں کرنے کی مذمت شدید الفاظ میں مذمت کی ہے

مزید تفصیلات: https://bit.ly/3rUIi4Y

#ARYNewsUrdu #ImranKhan #PakistanKiAwazARY #arshadshareef
5
8",5,8,https://twitter.com/Malikshazlatif1/status/1519687170755371008
,"Allah subhan o tallah qaboul farmiay Aameen 

#امپورٹڈ_حکومت_نامنظور

#MarchAgainstImportedGovt  غدار
Sabir Shakir
@ARYSabirShakir
 · Apr 27
حدود حرم مکہ مکرمہ سے پاکستان زندہ باد شاد رہے آباد رہے ہمارا وطن
3
3",3,3,https://twitter.com/Malikshazlatif1/status/1519474567680602116
,"بھکاریوں

اج جمعرات اے منگن تو اڈے پیو  نے جانا اے

#امپورٹڈ_حکومت_نامنظور

#MarchAgainstImportedGovt  غدار
3
4",3,4,https://twitter.com/Malikshazlatif1/status/1519634494843666433
,"” لڑ رہا ہے جو ملت کے غداروں سے 

 کارکن ہوں میں ایسے سالار کا “

ہم کھڑے تھے ، ہم کھڑے ہیں ، ہم کھڑے رہیں گے . 

یقین کے ساتھ ، ایمان کے ساتھ ، 

وزیراعظم #عمران_خان کے ساتھ !

#امپورٹڈ_حکومت_نامنظور

#MarchAgainstImportedGovt  غدار
1
2",1,2,https://twitter.com/Malikshazlatif1/status/1519470342150012935
,"ان شاء اللہ آج لیلتہ القدر ہے ان چور لٹیروں سے چھٹکارے 

اور پاکستان کی سلامتی کے لیے سب لوگ دعا کریں۔

#امپورٹڈ_حکومت_نامنظور

#MarchAgainstImportedGovt  غدار
Imran Khan
@ImranRiazKhan
 · Apr 27
ایسے ہی 130 ویں نمبر پر نہیں آئے۔ 24 گھنٹے کام کرنا پڑتا ہے۔
#امپورٹڈ_حکومت_نامنظور
2",2,,https://twitter.com/Malikshazlatif1/status/1519468681532686337
,"#امپورٹڈ_حکومت_نامنظور

#MarchAgainstImportedGovt  غدار
IMRAN/ Not a Beggar
@iyamughal
 · Apr 28
Replying to @Malikshazlatif1
سب کی ویڈیو ہیں
اسلیے کوئی بھی فیصلہ پاکستان کے حق میں نہیں ہو گا
بلکہ چوروں اور ڈاکوؤں کے حق ہو گا
#امپورٹڈ_حکومت_نامنظور
#امپورٹڈ_حکومت_نامنظور
#امپورٹڈ_حکومت_نامنظور
#امپورٹڈ_حکومت_نامنظور 
https://twitter.com/Ali82159666/status/1519632449134899200?t=CbE7IGzlAF9AZmRM4rdT0g&s=19…
2
4",2,4,https://twitter.com/Malikshazlatif1/status/1519633732826808321
,"Agreed 100%

#امپورٹڈ_حکومت_نامنظور

#MarchAgainstImportedGovt  غدار",,,https://twitter.com/Malikshazlatif1/status/1519637032720547841
,"hahahahahah 

#امپورٹڈ_حکومت_نامنظور

#MarchAgainstImportedGovt  غدار
A.J
@AhmedWJanjua
 · Apr 28
مان لیں!!!

عمران خان آپ کے بس کی بات نہیں.

#امپورٹڈ_حکومت_نامنظور
3
3",3,3,https://twitter.com/Malikshazlatif1/status/1519478364909805569
,"hahahahahah 

#امپورٹڈ_حکومت_نامنظور

#MarchAgainstImportedGovt  غدار
A.J
@AhmedWJanjua
 · Apr 28
مان لیں!!!

عمران خان آپ کے بس کی بات نہیں.

#امپورٹڈ_حکومت_نامنظور
0:08
38.4K views
3
3",3,3,https://twitter.com/Malikshazlatif1/status/1519478364909805569
,"#امپورٹڈ_حکومت_نامنظور

#MarchAgainstImportedGovt  غدار
Shaan Shahid
@mshaanshahid
 · Apr 28
Someone pls help her write her speeches … not a word on the development of  ..no solutions for economic crisis , or security issues? just the name of @ImranKhanPTI after every 3words.. khan sb #humnahighabraaye #yehghabragaihain #Aloogosht @arsched @ARYSabirShakir
1
1",1,1,https://twitter.com/Malikshazlatif1/status/1519484189258694656
,"hahahaha 

#امپورٹڈ_حکومت_نامنظور

#MarchAgainstImportedGovt  غدار
Iftikhar Durrani
@DuraniIftikhar
 · Apr 27
یاد ماضی عذاب ہے یا رب

 #MarchAgainstImportedGovt
1
1",1,1,https://twitter.com/Malikshazlatif1/status/1519480336446627841
,"hahahahahah 

#امپورٹڈ_حکومت_نامنظور

#MarchAgainstImportedGovt  غدار
A.J
@AhmedWJanjua
 · Apr 28
مان لیں!!!

عمران خان آپ کے بس کی بات نہیں.

#امپورٹڈ_حکومت_نامنظور
38.4K views
0:05 / 0:11
3
3",3,3,https://twitter.com/Malikshazlatif1/status/1519478364909805569
,"hahahaha 

#امپورٹڈ_حکومت_نامنظور

#MarchAgainstImportedGovt  غدار
Iftikhar Durrani
@DuraniIftikhar
 · Apr 27
یاد ماضی عذاب ہے یا رب

 #MarchAgainstImportedGovt
0:29
9,887 views
1
1",1,1,https://twitter.com/Malikshazlatif1/status/1519480336446627841
,"اللہ کے گھر ميں اللہ کی قدرت ديکھی ہے 

کہ جس کو اللہ رسوا کرے کوئی اس کو عزت نہيں دے سکتا

جی ايچ کيو بھی زور لگا ليں رب کی قدرت کے سامنے

#امپورٹڈ_حکومت_نامنظور

#MarchAgainstImportedGovt  غدار
4
4",4,4,https://twitter.com/Malikshazlatif1/status/1520185565316059145
,"اپوزیشن اور میڈیا والوں کو یہ کیوں لگتا ہے 

ہر چور سے نفرت کرنے والا بندہ تحریک انصاف کا سپورٹر ہے ؟

#امپورٹڈ_حکومت_نامنظور

#MarchAgainstImportedGovt  غدار
16
13",16,13,https://twitter.com/Malikshazlatif1/status/1520024701896175616
,"ہم کہتے ہيں اُنھوں نے غلط ميں کہتا ہُوں کہ اُن کی غيرت 

نے گوارہ نہيں کيا کہ ناپاک قدم خاتم النبينﷺ کے روضے کی

 طرف جائيں لکير کے فقير مت بن جايا کرو

 اِنَّمَا الْمُشْرِكُوْنَ نَجَسٌ فَلَا يَقْرَبُوا الْمَسْجِدَ الْحَرَامَ

#امپورٹڈ_حکومت_نامنظور
2
5",2,5,https://twitter.com/Malikshazlatif1/status/1520190420982145035
,"کوئی مدینہ جا کر ذلیل ہو رہا ہے اور کوئی اپنے گھر میں 

عزتیں سمیٹ رہا ہے یہ میرے رب کی شان ہے. 

وَتُعِزُ مَن تَشَاء وَتُذِلُ مَن تَشَاء

#امپورٹڈ_حکومت_نامنظور

#MarchAgainstImportedGovt  غدار
7
5",7,5,https://twitter.com/Malikshazlatif1/status/1520020391418281985
,"مُرشد 

مر بھی سکتے ہيں وطن کے لئيے اور مار بھی سکتے ہيں 

 اب ڈر نہيں لگتا ہے

#امپورٹڈ_حکومت_نامنظور

#MarchAgainstImportedGovt  غدار
2
4",2,4,https://twitter.com/Malikshazlatif1/status/1519834038927777794
,"#امپورٹڈ_حکومت_نامنظور
#MarchAgainstImportedGovt 

چین کرپشن پہ پھانسی دینے والا پہلا ملک ہے!

اور پاکستان کرپشن پہ وزارتیں دینے والا پہلا ملک!

 دُر فٹے مُنہ تواڈی چوائس دا
5
3",5,3,https://twitter.com/Malikshazlatif1/status/1519872504868843521
,"صدقے جاؤ ميں سعوديہ ميں مُقيم پاکستانيوں پر

چور کو چور ہی کہنا ہے اللہ سُبحان تعالی ذلت دے تو

کيسے عزت مل سکتی تُمھاری غيرت کو سلام

#امپورٹڈ_حکومت_نامنظور

#MarchAgainstImportedGovt  غدار
2
1",2,1,https://twitter.com/Malikshazlatif1/status/1520184411853045760
,"ﺍﻟﻠَّﻪ ہمیں ھدایت کا راستہ دکھا اور ایمان پر قائم رکھ۔

ﺍﻟﻠَّﻪ  پاکستان اور اہل پاکستان کو فساد سے محفوظ رکھ اور نفرتیں مٹا دے۔

ﺍﻟﻠَّﻪ پاکستان کو امن، ترقی اور خوشحالی عطا فرما۔

 آمین ثم آمین یا رب العالمین.
#امپورٹڈ_حکومت_نامنظور

#MarchAgainstImportedGovt
1",1,,https://twitter.com/Malikshazlatif1/status/1520012702705496064
,"یہ وہ سوال ھے جو ہر پاکستانی کے دل میں جنم لے رھے ہیں

 کہ کون اتنا طاقتور تھا جس نے 11 سے 12 بجے تک

 ریاستی مشینری کو کنٹرول کیا...... ؟

#امپورٹڈ_حکومت_نامنظور

#MarchAgainstImportedGovt  غدار
1
4",1,4,https://twitter.com/Malikshazlatif1/status/1519868942445068289
,"عمران خان کا ہر سپاہی سچ حق کی آواز عوام تک پہنچائے

 تاکہ تمام مسلمانوں کو حق اور باطل کا فرق سمجھ آجائے

 ہم آزاد قوم ہیں غلامی برداشت نہیں کریں گے

#امپورٹڈ_حکومت_نامنظور

#MarchAgainstImportedGovt
6
6",6,6,https://twitter.com/Malikshazlatif1/status/1519872033869508609
,"جو مسجد نبوی کے احاطے میں ہوا ہے اُس کا PTI سے کوئی 

تعلق نہیں، وہ عوامی ردعمل تھا

#امپورٹڈ_حکومت_نامنظور

#MarchAgainstImportedGovt  غدار
1
12
19",12,19,https://twitter.com/Malikshazlatif1/status/1519830713142587392
,"خان پر کیا خوبصورت الزام آیا ہے

قرآن کی آیات پڑھتا ہے اور ان پر یقین بھی رکھتا ہے۔

واہ میرے مالک

إِﻳﱠﺎكَ ﻧـَﻌْﺒُﺪُ وَإِﻳﱠﺎكَ ﻧَﺴْﺘَﻌِﲔُ

#امپورٹڈ_حکومت_نامنظور

#MarchAgainstImportedGovt  غدار
1",,1,https://twitter.com/Malikshazlatif1/status/1519870597962121217
,"شہباز شریف نے کہا تھا کہ غیر ملکی مداخلت کے ثبوت ہوں تو  وہ عمران خان کے ساتھ کھڑے ہوں گے، تو ایک نہیں دو مرتبہ قومی سلامتی کمیٹی تصدیق کر چکی ہے کہ بیرونی مداخلت ہوئی ہے، 

عمران خان نے تو ساتھ کھڑا نہیں ہونے دینا کرسی چھوڑو اور الیکشن کی کال دو۔

 اسد عمر
#امپورٹڈ_حکومت_نامنظور
2
6",2,6,https://twitter.com/Malikshazlatif1/status/1519870451530485760
,"ماشاءاللہ

#امپورٹڈ_حکومت_نامنظور

#MarchAgainstImportedGovt  غدار
3
6",3,6,https://twitter.com/Malikshazlatif1/status/1519831917755052037
,"اللَّهُمَّ صَلِّ عَلَى مُحَمَّدٍ وَعَلَى آلِ مُحَمَّدٍ كَمَا صَلَّيْتَ عَلَى إِبْرَاهِيمَ وَعَلَى آلِ إِبْرَاهِيمَ إِنَّكَ حَمِيدٌ مَجِيد ،
 اللَّهُمَّ بَارِكْ عَلَى مُحَمَّدٍ وَعَلَى آل مُحَمَّدٍ كَمَا بَارَكْتَ عَلَى إِبْرَاهِيمَ وَعَلَى آلِ إِبْرَاهِيمَ إِنَّكَ حَمِيدٌ مَجِيد
1
1",1,1,https://twitter.com/Malikshazlatif1/status/1520024967219453952
,"عمران رياض صاحب

#امپورٹڈ_حکومت_نامنظور

#MarchAgainstImportedGovt  غدار
1
2",1,2,https://twitter.com/Malikshazlatif1/status/1519841232058519556
,"ایسی دولت کا کیا فائدہ جو مسجدے نبوی میں میں بھی 

چور چور کے نعرے لگوائے 

#امپورٹڈ_حکومت_نامنظور

#MarchAgainstImportedGovt  غدار
1
2",1,2,https://twitter.com/Malikshazlatif1/status/1520023060056788992
,"#امپورٹڈ_حکومت_نامنظور

#MarchAgainstImportedGovt  غدار
4
5",4,5,https://twitter.com/Malikshazlatif1/status/1520047528187678723
,"تیرے بغض میں بڑے بڑے کردار گرے، 

منصف گرے، سالار گرے،

عدل کے اونچے مینار گرے

مذہب کے ٹھیکیدار گرے،

اس مٹی کے غدار گرے۔۔

لیکن نہ میں گرا نہ میری امیدوں کے مینار گرے

پر کچھ لوگ مجھے گرانے میں کئی بار گرے۔

#امپورٹڈ_حکومت_نامنظور

#MarchAgainstImportedGovt  غدار
2",,2,https://twitter.com/Malikshazlatif1/status/1519840194211774464
,"GHQ TOU BAND NAHI HUI HO GI AB 

#امپورٹڈ_حکومت_نامنظور
Adeel Warraich
@AdeelJavedCh
 · Apr 28
سٹاک مارکیٹ روزانہ کی بنیاد پر گر رہی ہے ، ڈالر کنٹرول میں نہیں، بجلی غائب، گیس غائب، ڈیزل غائب، قابل ترین ٹیم کو سلام
1",,1,https://twitter.com/Malikshazlatif1/status/1519874272268800012
,"Jazakallah khair 
#امپورٹڈ_حکومت_نامنظور
Sabir Shakir
@ARYSabirShakir
 · Apr 29
خاتم النبین اللہ کے پیارے رسول حضرت محمد مصطفیٰ صلی اللہ علیہ وآلہ وسلم نے فرمایا 
1",,1,https://twitter.com/Malikshazlatif1/status/1519873317695627264
,"Agreed 100%
#امپورٹڈ_حکومت_نامنظور

#MarchAgainstImportedGovt  غدار
قرنی
@qarni6300
 · Apr 29
Replying to @Malikshazlatif1
مسجد کے احاطے میں کچھ نہیں ہوا ۔ باہر ہوا ہے جو بھی ہوا ہے ۔
1",,1,https://twitter.com/Malikshazlatif1/status/1519833136976248832
,"اگر کسی نے پاکستان کی طرف میلی آنکھ سے بھی دیکھا تو اسے ای سی ایل سے نکال کر ملک سے باہر بھیج دیں گے. 
منقول

#امپورٹڈ_حکومت_نامنظور
1",,1,https://twitter.com/SHussain_88/status/1518221969497501698
,"#MarchAgaintsImportedGovt
2",,2,https://twitter.com/SHussain_88/status/1518448144572424192
,"واٹر ایپ غلاموں کو آقا کا میسج 
@AajKamranKhan
 
@ImranRiazKhan
 
@HamidMirPAK
 
@UmarCheema1
 
@ammarmasood3
Dr. Shahbaz GiLL
@SHABAZGIL
 · Apr 25
Caption please
1",,1,https://twitter.com/SHussain_88/status/1518402586797387776
,"مر جائینگے یزید کی بیعت نا کریں گے. 

#MarchAgainstImportedGovt
1",,1,https://twitter.com/SHussain_88/status/1518400698425262080
,"لوٹ مار لیگ کی طرف سے غلاموں اور چاپلوسی کرنیوالوں کے لئے قومی خزانے کے منہ کھول دیئے گئے ایسے بانٹ رہے ہیں جیسے ان کے باپ کا مال ہو.  ویسے کیا کارنامہ کیا ہے ای سی پی نے... ؟؟
@Shiffa_ZY
 @MaleehaHashmey
 @AzharSiddique
 @ImranRiazKhan
 @Intl_Mediatior
 @fawadchaudhry
 @MashwaniAzhar
2
40
17",40,17,https://twitter.com/SHussain_88/status/1519018999547404289
,"Koi sharm koi haya ?? 
@ammarmasood3
4
15
25",15,25,https://twitter.com/SHussain_88/status/1518760157978705920
,"پی ٹی آئی کی حکومت پرشب خون مارا گیاانصافینز پرامن طور پر احتجاج کررہےہیں لاکھوں کا مجمع ہوتا ہے لیکن کسی چیز کو نقصان نہیں پہنچایا جاتا۔ تو یہ شاری جیسے دہشتگردوں کومحرومیوں کے خول میں لپیٹ کر ہیرو نا بنایاجائے محرومیاں پورے پاکستان میں ہیں پر ہم سب ریاست سے وفادار ہیں اور
1
5",,5,https://twitter.com/SHussain_88/status/1519229998988673024
,"حضور آپ کی حرکتیں ہی ایسی ہیں
1",,1,https://twitter.com/SHussain_88/status/1520087050543845377
,"They are the kind of people who would make a propaganda against SSP type projects as well just for some political point scoring. Serving their masters ag public welfare. No wonder they would sell their votes for nothing.Maryam Nawaz with her loyalists.

#MarchAgainstImportedGovt
2:00
44 views
Imran Ahmad
@ImranInc
 · Apr 23
کیا آپ اس شخص کو جانتے ہیں؟ 
یہ وہی شخص ہے جس نے روتے ہوئے صحت انصاف کارڈ کے حوالہ سے گمراہ کن ویڈیو بنای تھی
جسکی وجہ سے کئی لوگوں نے PTI حکومت پہ تنقید کی تھی
1
1",1,1,https://twitter.com/_Aimeme_/status/1517933454368849927
,"Until this Army is an American stan and PDM ally the very people who have destroyed this country for years, we do not stand with it.

#MarchAgainstImportedGovt
Brig Ashfaq Hassan (R), Sitara-E-Imtiaz (Mil).
@BrigAshfaqHasan
 · Apr 23
Twitter Campaign - 23 Apr (today) at *9 PM, with HT #IstandwithPakArmy*. Plz join
1
2",1,2,https://twitter.com/_Aimeme_/status/1517929155207516161
,"They are the kind of people who would make a propaganda against SSP type projects as well just for some political point scoring. Serving their masters ag public welfare. No wonder they would sell their votes for nothing.Maryam Nawaz with her loyalists.

#MarchAgainstImportedGovt
44 views
0:02 / 2:00
Imran Ahmad
@ImranInc
 · Apr 23
کیا آپ اس شخص کو جانتے ہیں؟ 
یہ وہی شخص ہے جس نے روتے ہوئے صحت انصاف کارڈ کے حوالہ سے گمراہ کن ویڈیو بنای تھی
جسکی وجہ سے کئی لوگوں نے PTI حکومت پہ تنقید کی تھی
1
1",1,1,https://twitter.com/_Aimeme_/status/1517933454368849927
,"Miftah did well by not answering the question he didn't know about although he's the finance minister VS Miftah Ismail giving his unsolicited opinion on a Quranic verse because he can?
Where is the logic?
3
4
3",4,3,https://twitter.com/_Aimeme_/status/1518246070324953095
,"Not me at 6am downloading this thread for playing all of these 5x a day for laughter. 
Saad.A.R
@Noobiy12
 · Apr 23
Imran Khan's thug life moments a thread
Show this thread
3",,3,https://twitter.com/_Aimeme_/status/1518034205397057537
,"Scenes after Aftari :-
1
2
4",2,4,https://twitter.com/_Aimeme_/status/1518252698721992710
,"Scenes after Aftari :-
0:02
73 views
1
2
4",2,4,https://twitter.com/_Aimeme_/status/1518252698721992710
,"Need an extra hour in the day, without any on-the-list chore just to catch up with all the news and happenings. Severe fomo visiting the tl.
1",,1,https://twitter.com/_Aimeme_/status/1518611329996959744
,"Today we slut shame a minor. Because she's a soft target and because it is the only narrative our people buy.
1
6",,6,https://twitter.com/_Aimeme_/status/1518609871402577925
,"In a nutshell the PPPs leadership isn't in the room at the time of important decision-making and present when Bilawal is crowned as PPPs king. MorePower
Hashim
@hashim_i
 · Apr 24
A  on our new Foreign Minister, the most competent & eloquent girlboss Hina Rabbani Khar speaking with Mehdi Hasan at Oxford Union in 2015.

Hina begins by stating that she was too fierce to be dictated by the military.

1/10

#MarchAgainstImportedGovt
Show this thread",,,https://twitter.com/_Aimeme_/status/1518608615929692161
,"In a nutshell the PPPs leadership isn't in the room at the time of important decision-making and present when Bilawal is crowned as PPPs king. MorePower
Hashim
@hashim_i
 · Apr 24
A  on our new Foreign Minister, the most competent & eloquent girlboss Hina Rabbani Khar speaking with Mehdi Hasan at Oxford Union in 2015.

Hina begins by stating that she was too fierce to be dictated by the military.

1/10

#MarchAgainstImportedGovt
Show this thread
2:11
21.8K views",,,https://twitter.com/_Aimeme_/status/1518608615929692161
,"If the original account hadn't already blocked me I'd have taken this to be authentic. 100%!!
Nido Kirmany
@NidaKirmany
 · Apr 27
Saw a guy at LUMS fasting. He was telling a friend how excited he is for Eid, coming in a few days, which definitely originated in the Arab world. Are we adopting their festivals now too? The arabization of this country is complete. I'll be celebrating Baisakhi mela instead!
Show this thread
1",,1,https://twitter.com/_Aimeme_/status/1519295622226010118
,"So PMLn woke up and decided to copy PTIs placards idea, brainstormed and came up with this?!?! 
Hina Parvez Butt
@hinaparvezbutt
 · Apr 26
توشہ خانہ چور لیڈر کیسے ہو سکتا ہے؟
2",,2,https://twitter.com/_Aimeme_/status/1519105040451260416
,"Going to sleep like today didn't happen at all. 
1
2",,2,https://twitter.com/_Aimeme_/status/1519756952460738560
,"The SS group of chors faced humiliation at the Holy place. This is what common masses feel for them, they bypassed the public opinion and occupied the highest offices of the country but they are what they are, Chors and Ghaddars of the nation.

#MarchAgainstImportedGovt
1
3
7",3,7,https://twitter.com/_Aimeme_/status/1519730199885410306
,"Can today get any worse cz still 5.5 hours to go?!?
1",,,https://twitter.com/_Aimeme_/status/1519669910699483142
,"راحت اندوری صاحب کیا کمال کہہ گئے ۔۔۔۔۔

#MarchAgainstImportedGovt 
#امپورٹڈ_حکومت_نامنظور
0:12
81 views
8
8",8,8,https://twitter.com/furqanulwahab/status/1517936278888943617
,"راحت اندوری صاحب کیا کمال کہہ گئے ۔۔۔۔۔

#MarchAgainstImportedGovt 
#امپورٹڈ_حکومت_نامنظور
0:10
81 views
8
8",8,8,https://twitter.com/furqanulwahab/status/1517936278888943617
,"پاکستان تحریک انصاف کے کارکنان و ووٹرز کو 26 واں یوم تاسیس مبارک ۔
#PTI  
اپ کی جدوجہد کو سلام 
#MarchAgainstImportedGovt
#امپورٹڈ_حکومت_نامنظور
1
4",1,4,https://twitter.com/furqanulwahab/status/1518385089205481473
,"وفاقی حکومت کے خلاف اے این پی کی قیادت عوام کا ٹھاٹھیں مارتا سمندر سراپا احتجاج
@SamarHBilour
Kamran Bangash
@kamrankbangash
 · Apr 25
پورے پشاور سے ہزاروں لوگوں کا اے این پی کی قیادت میں وفاقی حکومت جہاں پہ وہ خود اتحادی ہیں کے خلاف بھرپور احتجاج 
@Jhagra your comments 

#MarchAgaintsImportedGovt
1",,1,https://twitter.com/furqanulwahab/status/1518597035481796608
,"Do read Civil Servant act & laws.. He was involved in political campaign .
Samar Haroon Bilour
@SamarHBilour
 · Apr 27
This is zulam @Jhagra . Learn to bardasht criticism . Let’s hope sanity prevails and @IMMahmoodKhan intervenes twitter.com/ydakp_official…
3",,,https://twitter.com/furqanulwahab/status/1519284866583461888
,"کرائم منسٹر کے بجلی ختم کرنے کے احکامات کے بعد صورت حال 
#Loadshedding
#MarchAgainstImportedGovt 
#امپورٹڈ_حکومت_نامنظور
0:45
55 views
1
3
5",3,5,https://twitter.com/furqanulwahab/status/1519431785167429633
,"کرائم منسٹر کے بجلی ختم کرنے کے احکامات کے بعد صورت حال 
#Loadshedding
#MarchAgainstImportedGovt 
#امپورٹڈ_حکومت_نامنظور
0:43
55 views
1
3
5",3,5,https://twitter.com/furqanulwahab/status/1519431785167429633
,"پاکستان تحریک انصاف کے کارکنان ملک میں بیرونی سازشوں کو ناکام بناتے ہوئے انتشار کا بلکل ساتھ نہ دیں۔ چور ٹھولے کے خلاف ہم اپنی جنگ اسلام ، ملکی قانون اور اخلاق کے دائرے کے اندر جاری رکھیں گے ۔ 
#MarchAgainstImportedGovt 
#امپورٹڈ_حکومت_نامنظور
1
1
3",1,3,https://twitter.com/furqanulwahab/status/1520114637466968064
,#امپوڑٹڈ_حکومت_نامنظور since:2022-04-17_20:08:14_UTC,,,https://twitter.com/aziza_humair/status/1517897731762798592
