UserScreenName,UserName,Timestamp,Text,Embedded_text,Emojis,Comments,Likes,Retweets,Image link,Tweet URL
JusticeDies,@JusticeDie01,2022-04-23T15:13:05.000Z,"JusticeDies
@JusticeDie01
Â·
Apr 23","#Bitcoin 
4
9
68",â˜º,4,9,68,['https://pbs.twimg.com/media/FRCblmnWQAI4QzH?format=png&name=small'],https://twitter.com/JusticeDie01/status/1517884270542532615
JusticeDies,@JusticeDie01,2022-04-23T20:00:12.000Z,"JusticeDies
@JusticeDie01
Â·
Apr 24","#EPS
Ä°sim deÄŸiÅŸikliÄŸine  gidiyor
18 mayÄ±sta  tekrar gelecek
7
4
35",,7,4,35,['https://pbs.twimg.com/media/FRDdahgWYAQ88Jh?format=jpg&name=900x900'],https://twitter.com/JusticeDie01/status/1517956524768907264
JusticeDies,@JusticeDie01,2022-04-23T19:39:32.000Z,"JusticeDies
@JusticeDie01
Â·
Apr 24","ArkadaÅŸlar   Ã–demeler 
Usdt Ã¼zerinden olacak 
Engellenen 
HesabÄ± kapanan  alamayacak
BunlarÄ±n yerine Ã¶dÃ¼lÃ¼
Yedekler alacak 
#Ã§ekiliÅŸ  iÃ§in sabit twitte rt at 
Bir arkadaÅŸÄ±nÄ± etiketle
4
20
77",,4,20,77,[],https://twitter.com/JusticeDie01/status/1517951323169247238
JusticeDies,@JusticeDie01,2022-04-23T07:30:41.000Z,"JusticeDies
@JusticeDie01
Â·
Apr 23","#23nisan
#TBMM23NisanEtkinlikleri 
#kÃ¼tahya
1
1
64",,1,1,64,['https://pbs.twimg.com/media/FRAx2vsWYAEAaBO?format=jpg&name=small'],https://twitter.com/JusticeDie01/status/1517767902434316290
JusticeDies,@JusticeDie01,2022-04-23T06:00:20.000Z,"JusticeDies
@JusticeDie01
Â·
Apr 23","GÃ¼naydÄ±n Madenci arkadaÅŸlar
#btc korku vermeye devam ediyor
7
3
67",,7,3,67,['https://pbs.twimg.com/media/FRAdLp6XwAAHam_?format=jpg&name=small'],https://twitter.com/JusticeDie01/status/1517745167570284544
JusticeDies,@JusticeDie01,2022-04-23T18:19:12.000Z,"JusticeDies
@JusticeDie01
Â·
Apr 23","Eee bu ne 
Emirhan
@Emirhan05267501
 Â· Apr 23
PenaltÄ± yok... 

#ADSvTS
14
10
63",ğŸ˜€,14,10,63,"['https://pbs.twimg.com/profile_images/1494788690446630916/swWl1r0W_mini.jpg', 'https://pbs.twimg.com/ext_tw_video_thumb/1517930675982249985/pu/img/Awg919UgBqXvk9cc.jpg']",https://twitter.com/JusticeDie01/status/1517931107815239681
JusticeDies,@JusticeDie01,2022-04-23T17:31:03.000Z,"JusticeDies
@JusticeDie01
Â·
Apr 23","YarÄ±n ABD DÄ±ÅŸiÅŸleri BakanÄ± Blinken ve ABD Savunma BakanÄ± Ukrayna'ya gelecek.

BaktÄ± Zelenski  yapamÄ±yor 

SavaÅŸÄ±  kendileri yÃ¶netecek 
2
1
53",ğŸ˜ƒ,2,1,53,[],https://twitter.com/JusticeDie01/status/1517918991615991821
JusticeDies,@JusticeDie01,2022-04-23T20:01:49.000Z,"JusticeDies
@JusticeDie01
Â·
Apr 24","Bunlar benim sepet

#bake 
#dodo 
#chz 
#sxp 
#bts
#Hot 
#dÄ±a 
#win 
#Bel 
#unfi 
#wrx 
#reef 
#bttc 
#Ä±cp 
#fun 
#rsr 
#flm
#cake 
#alÄ±ce 
#tlm
#EPS
5
13
75",ğŸ§¿ ğŸ§¿ ğŸ§¿,5,13,75,[],https://twitter.com/JusticeDie01/status/1517956932132294656
JusticeDies,@JusticeDie01,2022-04-23T14:49:35.000Z,"JusticeDies
@JusticeDie01
Â·
Apr 23","E: HiÃ§biri
UyandÄ±rma Servisi
@uyanhadi_
 Â· Apr 23
En Ã§ok beÄŸendiÄŸiniz ve gÃ¼vendiÄŸiniz siyasetÃ§i kim?
3
1
28",,3,1,28,['https://pbs.twimg.com/profile_images/1174800194183028736/MWAI7Wa2_mini.png'],https://twitter.com/JusticeDie01/status/1517878353784680451
JusticeDies,@JusticeDie01,2022-04-23T18:00:30.000Z,"JusticeDies
@JusticeDie01
Â·
Apr 23","Anket yapalÄ±m 
Sizce ? 
#penaltÄ± 
#ADSvTS
PenaltÄ±
18.2%
PenaltÄ±  deÄŸil
81.8%
307 votes
Â·
Final results
8
16",,8,,16,[],https://twitter.com/JusticeDie01/status/1517926400157753347
JusticeDies,@JusticeDie01,2022-04-24T20:18:21.000Z,"JusticeDies
@JusticeDie01
Â·
Apr 25","Bizim Ã§ekiliÅŸin rt Ã§ok dÃ¼ÅŸÃ¼k
Herkese 
Ã‡Ä±kma olasÄ±lÄ±ÄŸÄ± yÃ¼ksek 
20 kiÅŸi az deÄŸil 
249 rt var 
7
43
155",ğŸ˜€,7,43,155,[],https://twitter.com/JusticeDie01/status/1518323480764293120
JusticeDies,@JusticeDie01,2022-04-24T16:43:14.000Z,"JusticeDies
@JusticeDie01
Â·
Apr 24","BalÄ±k degil  tavuk 
4
5
116",ğŸ˜,4,5,116,['https://pbs.twimg.com/media/FRH56jyXEAEoYHZ?format=jpg&name=small'],https://twitter.com/JusticeDie01/status/1518269345448841218
JusticeDies,@JusticeDie01,2022-04-24T09:14:10.000Z,"JusticeDies
@JusticeDie01
Â·
Apr 24","Turna
Sazan 
TatlÄ±su balÄ±ÄŸÄ± 
Ä°Ã§in takÄ±m aldÄ±m 
NasÄ±l ? 
Yem olarak 
Yapay 
Kurtcuk ve MÄ±sÄ±r kullanacam
24
6
75",,24,6,75,['https://pbs.twimg.com/media/FRGTIBdX0AAITOc?format=jpg&name=small'],https://twitter.com/JusticeDie01/status/1518156331756273665
JusticeDies,@JusticeDie01,2022-04-24T20:32:04.000Z,"JusticeDies
@JusticeDie01
Â·
Apr 25","Btc nin 55.000 $ gelmesini beklemedim 
#Ã‡ekiliÅŸ iÃ§in
4
8
90",,4,8,90,[],https://twitter.com/JusticeDie01/status/1518326932278030336
JusticeDies,@JusticeDie01,2022-04-24T07:14:17.000Z,"JusticeDies
@JusticeDie01
Â·
Apr 24","GÃ¼naydÄ±n arkadaÅŸlar 
#btc 
Ã‡iÃ§ek oldu olmaz dediler 
Domates oldu kÄ±zarmaz dediler 
Åimdi ne diyecekler 
KÃ¼tahya da kÄ±ÅŸÄ±n ortasÄ±nda 
Domates  yetiÅŸtirdim 
Ama 1 tane  
22
6
220",ğŸ˜Š,22,6,220,['https://pbs.twimg.com/media/FRF3svdXIAYBNDd?format=jpg&name=900x900'],https://twitter.com/JusticeDie01/status/1518126162526015488
JusticeDies,@JusticeDie01,2022-04-24T20:23:22.000Z,"JusticeDies
@JusticeDie01
Â·
Apr 25","Ã‡ekiliÅŸ sonuÃ§larÄ± aÃ§Ä±klandÄ±ÄŸÄ±nda 
Herkese dm den yazacam 
20 asÄ±l 
10 tanede yedek olacak 
Almak istemeyen 
Olursa yedeklere gidecek 
Bir Ã¶ncekinde birisi kaÃ§tÄ± 
Ã–dÃ¼l kazandÄ±n  dedim 
Beni engelledi 
Ulan parayÄ± atan benim
7
9
125",ğŸ˜‚ ğŸ˜‚ ğŸ˜‚,7,9,125,[],https://twitter.com/JusticeDie01/status/1518324743950282752
JusticeDies,@JusticeDie01,2022-04-24T20:28:18.000Z,"JusticeDies
@JusticeDie01
Â·
Apr 25","Sadece sabit twitte RT 
ve  Bir arkadaÅŸÄ±nÄ± etiketle 
#Binance 
#btc
#Ã§ekiliÅŸ
7
17
68",,7,17,68,[],https://twitter.com/JusticeDie01/status/1518325983169888257
JusticeDies,@JusticeDie01,2022-04-24T20:35:30.000Z,"JusticeDies
@JusticeDie01
Â·
Apr 25","Umut her zaman vardÄ±r 
6
6
103",ğŸ§¿,6,6,103,[],https://twitter.com/JusticeDie01/status/1518327794853425153
JusticeDies,@JusticeDie01,2022-04-25T12:12:00.000Z,"JusticeDies
@JusticeDie01
Â·
Apr 25","#bitcoin
1
6
54",,1,6,54,['https://pbs.twimg.com/media/FRMFbfRXEAEUlKF?format=jpg&name=small'],https://twitter.com/JusticeDie01/status/1518563476007960576
JusticeDies,@JusticeDie01,2022-04-25T17:21:24.000Z,"JusticeDies
@JusticeDie01
Â·
Apr 25","#btc
1
6
47",,1,6,47,['https://pbs.twimg.com/media/FRNMP79XIAg9e6f?format=jpg&name=small'],https://twitter.com/JusticeDie01/status/1518641338786451456
JusticeDies,@JusticeDie01,2022-04-25T16:46:33.000Z,"JusticeDies
@JusticeDie01
Â·
Apr 25","6 parti bir  araya  geliyor 
ToplantÄ± yapÄ±yor 

Ã–zgÃ¼rlÃ¼k 

Demokrasi 

BaÅŸka konuÅŸma yok 
Ya Ã¼lkenin bir Ã§ok problemi var 
ArkadaÅŸ 
Ekonomi nasÄ±l dÃ¼zelecek 
Eyt cÃ¶zÃ¼lecek mi 
Enflasyon nasÄ±l dÃ¼ÅŸecek 
MÃ¼lteci iÃ§in ne Ã§alÄ±ÅŸma var 

ToplanÄ±p  toplanÄ±p daÄŸÄ±lÄ±yorlar
18
7
137",,18,7,137,[],https://twitter.com/JusticeDie01/status/1518632568329052162
JusticeDies,@JusticeDie01,2022-04-25T19:17:25.000Z,"JusticeDies
@JusticeDie01
Â·
Apr 26","Twitter  beleÅŸe gelecek 
#doge 
7
9
77",ğŸ˜‚ ğŸ˜‚ ğŸ˜‚,7,9,77,['https://pbs.twimg.com/media/FRNmzbSX0AY1H1e?format=jpg&name=900x900'],https://twitter.com/JusticeDie01/status/1518670535470850049
JusticeDies,@JusticeDie01,2022-04-25T12:32:42.000Z,"JusticeDies
@JusticeDie01
Â·
Apr 25","Terazi hassas  olabilir
ZabÄ±ta  nerde 
Temizlik hijyen  nerde 
MÃ¼hendis ihraÃ§ edip
BunlarÄ± ithal ediyoruz malesef
Bee Haber
@beehaber
 Â· Apr 24
Mersin'de yabancÄ± uyruklu kiÅŸilerin balÄ±klarÄ± yere sermesi sosyal medyada gÃ¼ndem oldu.
Show this thread
2
3
43",,2,3,43,"['https://pbs.twimg.com/profile_images/1496307773310656512/9IXRNJzT_mini.jpg', 'https://pbs.twimg.com/ext_tw_video_thumb/1518129236506300417/pu/img/MHqeQ8j7pmZh_SZZ.jpg']",https://twitter.com/JusticeDie01/status/1518568682313633794
JusticeDies,@JusticeDie01,2022-04-25T19:09:00.000Z,"JusticeDies
@JusticeDie01
Â·
Apr 26","Elon Musk twitterâ€™Ä± 44 milyar dolara satÄ±n aldÄ±
ParayÄ± 
#bitcoin den  Ã§Ä±kartÄ±r 
Pump 
1
5
87",ğŸš€ ğŸš€ ğŸš€ ğŸš€ ğŸš€,1,5,87,[],https://twitter.com/JusticeDie01/status/1518668416504283136
JusticeDies,@JusticeDie01,2022-04-25T16:37:46.000Z,"JusticeDies
@JusticeDie01
Â·
Apr 25","Elon  botlara savaÅŸ aÃ§acakmÄ±ÅŸ 

Twitterda
4
2
43",,4,2,43,[],https://twitter.com/JusticeDie01/status/1518630357607792640
JusticeDies,@JusticeDie01,2022-04-25T16:35:04.000Z,"JusticeDies
@JusticeDie01
Â·
Apr 25","#TalatPaÅŸaSÄ±nÄ±rKapÄ±sÄ±
Bence mantÄ±klÄ±
20",,,,20,[],https://twitter.com/JusticeDie01/status/1518629677308563456
JusticeDies,@JusticeDie01,2022-04-25T16:40:53.000Z,"JusticeDies
@JusticeDie01
Â·
Apr 25","#500LiranÄ±nArkasÄ±nda
Aziz SANCAR   Ä°deal   bence
6
3
59",,6,3,59,[],https://twitter.com/JusticeDie01/status/1518631139828805632
JusticeDies,@JusticeDie01,2022-04-25T19:11:59.000Z,"JusticeDies
@JusticeDie01
Â·
Apr 26","Elon Musk'Ä±n Twitter iÃ§in planlarÄ±: 
1. TÃ¼m spam robotlarÄ±nÄ± yenmek
1
47",,,1,47,[],https://twitter.com/JusticeDie01/status/1518669167372775425
JusticeDies,@JusticeDie01,2022-04-25T16:36:20.000Z,"JusticeDies
@JusticeDie01
Â·
Apr 25","Biden   nasÄ±l Ã¼lke yÃ¶netiyor   

Adam boÅŸ alana selam veriyor 

AdamÄ±n ne sÃ¶ylediÄŸinin Ã¶nemi yok 

O kukla zaten
1
1
33",,1,1,33,[],https://twitter.com/JusticeDie01/status/1518629994972561411
JusticeDies,@JusticeDie01,2022-04-25T19:19:23.000Z,"JusticeDies
@JusticeDie01
Â·
Apr 26","Bu elon #twitter  alacam derken 
#doge mÄ± aldÄ± yoksa
Bize ayak mÄ± yapÄ±yor
ehet eKi
@Mehmetzeki1630
 Â· Apr 26
Replying to @JusticeDie01
Nereye kadar bu hocam
2
2
36",ã€½ ã€½ ğŸ’¤,2,2,36,['https://pbs.twimg.com/profile_images/1406733324522041350/xdal3Z_6_mini.jpg'],https://twitter.com/JusticeDie01/status/1518671029324943362
JusticeDies,@JusticeDie01,2022-04-25T17:52:25.000Z,"JusticeDies
@JusticeDie01
Â·
Apr 25","Bu robot fazla yaÅŸamaz
Bee Haber
@beehaber
 Â· Apr 25
Yemeksepeti, Ä°stanbul'da yemek teslimatlarÄ±nÄ± 5 MayÄ±s'tan itibaren 'YEBO' adÄ±nÄ± verdiÄŸi robotlarla gerÃ§ekleÅŸtirmeye baÅŸlayacak.
Show this thread
3
29",,3,,29,"['https://pbs.twimg.com/profile_images/1496307773310656512/9IXRNJzT_mini.jpg', 'https://pbs.twimg.com/media/FRMkqT1WQAEneMl?format=jpg&name=small']",https://twitter.com/JusticeDie01/status/1518649142641373184
JusticeDies,@JusticeDie01,2022-04-25T16:28:06.000Z,"JusticeDies
@JusticeDie01
Â·
Apr 25","4 saatlik  kabine toplantÄ±sÄ±nda 

Putin ile telefonda konuÅŸalÄ±m mÄ± 
KonuÅŸmayalÄ±m mÄ± 

Bunu mu tartÄ±ÅŸmÄ±ÅŸlar  
1
1
38",ğŸ˜€,1,1,38,[],https://twitter.com/JusticeDie01/status/1518627925792337922
JusticeDies,@JusticeDie01,2022-04-26T06:30:59.000Z,"JusticeDies
@JusticeDie01
Â·
Apr 26","#Bitcoin
1
5
51",,1,5,51,['https://pbs.twimg.com/media/FRQA90eWQAIx9aZ?format=jpg&name=small'],https://twitter.com/JusticeDie01/status/1518840043812630529
JusticeDies,@JusticeDie01,2022-04-26T06:28:32.000Z,"JusticeDies
@JusticeDie01
Â·
Apr 26","Vay anasÄ±nÄ± 
Trajikomik Haberler
@TrajikomikNews
 Â· Apr 26
Yer: Taksim. 4 Nepalli turisti kaÃ§Ä±ran ve 3 gÃ¼n boyunca esir tutan ""PakistanlÄ± 6 kiÅŸi"", turistlerin ailelerinden kiÅŸi baÅŸÄ± 10.000 â‚¬ fidye istedi.

Turistler, polis baskÄ±nÄ±yla kurtarÄ±lÄ±rken evde Ã§ok sayÄ±da silah ve satÄ±r ele geÃ§irildi.
4
3
28",ğŸ˜€,4,3,28,"['https://pbs.twimg.com/profile_images/1508085206808514565/NZ9YVOaB_mini.jpg', 'https://pbs.twimg.com/media/FRP-ARsXwAEzKIV?format=jpg&name=small', 'https://pbs.twimg.com/media/FRP-ARzXEAA8NBV?format=jpg&name=360x360', 'https://pbs.twimg.com/media/FRP-ARuXIAAoVE7?format=jpg&name=360x360']",https://twitter.com/JusticeDie01/status/1518839427946237953
JusticeDies,@JusticeDie01,2022-04-26T09:07:04.000Z,"JusticeDies
@JusticeDie01
Â·
Apr 26","Yine malzeme aldÄ±m 
HazÄ±rlÄ±k yapÄ±yorum 
10
2
44",ğŸ˜,10,2,44,['https://pbs.twimg.com/media/FRQkrgkWQAAElIl?format=jpg&name=small'],https://twitter.com/JusticeDie01/status/1518879322693640192
JusticeDies,@JusticeDie01,2022-04-26T17:31:51.000Z,"JusticeDies
@JusticeDie01
Â·
Apr 26","Abd piyasalarÄ± kan aÄŸlÄ±yor 
11
5
47",ğŸ˜€,11,5,47,['https://pbs.twimg.com/media/FRSYOoyXEAUus0x?format=jpg&name=small'],https://twitter.com/JusticeDie01/status/1519006354500898822
JusticeDies,@JusticeDie01,2022-04-26T16:58:57.000Z,"JusticeDies
@JusticeDie01
Â·
Apr 26","Bence de
YeÅŸil DÃ¼nyasÄ±
@yesildunyasi
 Â· Apr 26
AyÄ± bunu yapmaz mesela...
3
6
72",ğŸŒ,3,6,72,"['https://pbs.twimg.com/profile_images/1339983153784631296/0YOZl--S_mini.jpg', 'https://pbs.twimg.com/media/FRPzvJoXsAgvw_I?format=jpg&name=small']",https://twitter.com/JusticeDie01/status/1518998073585905665
JusticeDies,@JusticeDie01,2022-04-26T08:24:13.000Z,"JusticeDies
@JusticeDie01
Â·
Apr 26","En iyi sazan yemi  hangisi arkadaÅŸlar 
Baraj  iÃ§in  ? 
Nasip olursa   dip oltalarÄ±m bu gÃ¼n elime geÃ§iyor
40
4
59",ğŸ˜€,40,4,59,[],https://twitter.com/JusticeDie01/status/1518868540765483008
JusticeDies,@JusticeDie01,2022-04-26T15:24:53.000Z,"JusticeDies
@JusticeDie01
Â·
Apr 26","Rusya  Polonya nÄ±n 
GazÄ±nÄ± kesmiÅŸ 
Ä°ngiltereyi Ukrayna daki bÃ¼yÃ¼k elÃ§iliÄŸini vurmakla tehdit ediyor 
Moldova diken Ã¼stÃ¼nde 

Zorla 3.dÃ¼nya savaÅŸÄ±nÄ± baÅŸlatacaklar
1
4
78",ğŸ˜€,1,4,78,[],https://twitter.com/JusticeDie01/status/1518974403970752512
JusticeDies,@JusticeDie01,2022-04-26T05:06:12.000Z,"JusticeDies
@JusticeDie01
Â·
Apr 26","GÃ¼naydÄ±n arkadaÅŸlar 
#btc
14
2
132",,14,2,132,[],https://twitter.com/JusticeDie01/status/1518818708021555201
JusticeDies,@JusticeDie01,2022-04-26T13:38:22.000Z,"JusticeDies
@JusticeDie01
Â·
Apr 26","Abd borsalarÄ± eksi aÃ§tÄ± 
2
44",ğŸ¤š,,2,44,[],https://twitter.com/JusticeDie01/status/1518947597691629573
JusticeDies,@JusticeDie01,2022-04-26T10:38:55.000Z,"JusticeDies
@JusticeDie01
Â·
Apr 26","Elon Musk: ""Twitterâ€™da artÄ±k kimlik doÄŸrulamasÄ± olacak. Anonim hesap istemiyorum.""

Ã‡akma hesaplara son
4
1
152",,4,1,152,[],https://twitter.com/JusticeDie01/status/1518902438585065473
JusticeDies,@JusticeDie01,2022-04-26T09:24:29.000Z,"JusticeDies
@JusticeDie01
Â·
Apr 26","Adem Solmaz
@AdemSol16198156
 Â· Apr 26
Replying to @JusticeDie01
En iyi sazan yemi : ""size bir tÃ¼yom var, yarÄ±m saat sonra ilgilenenler burada olsun"" demen yeterli 
1
21",ğŸ˜‚ ğŸ˜‚ ğŸ˜‚ ğŸ˜‚ ğŸ¤£,,1,21,['https://pbs.twimg.com/profile_images/1292504175658573825/hnhzHmrn_mini.jpg'],https://twitter.com/JusticeDie01/status/1518883707100270593
JusticeDies,@JusticeDie01,2022-04-26T10:22:21.000Z,"JusticeDies
@JusticeDie01
Â·
Apr 26","Niye acaba 
BPT
@bpthaber
 Â· Apr 26
Binali YÄ±ldÄ±rÄ±m:

""DolarÄ±n artmasÄ± tepeden tÄ±rnaÄŸa her ÅŸeyi etkiledi. Fiyatlar Ã§ok arttÄ±.""
1
1
20",ğŸ˜,1,1,20,['https://pbs.twimg.com/profile_images/1347941491889549318/uvn8isXg_mini.jpg'],https://twitter.com/JusticeDie01/status/1518898269753073667
JusticeDies,@JusticeDie01,2022-04-27T09:40:58.000Z,"JusticeDies
@JusticeDie01
Â·
Apr 27","#eth
3
25",,,3,25,['https://pbs.twimg.com/media/FRV2CfXXIAAfdxE?format=jpg&name=small'],https://twitter.com/JusticeDie01/status/1519250240855023617
JusticeDies,@JusticeDie01,2022-04-27T09:38:20.000Z,"JusticeDies
@JusticeDie01
Â·
Apr 27","#ethbtc
2
21",,,2,21,['https://pbs.twimg.com/media/FRV1b39XsAAHiC-?format=jpg&name=small'],https://twitter.com/JusticeDie01/status/1519249577517400065
JusticeDies,@JusticeDie01,2022-04-27T09:35:53.000Z,"JusticeDies
@JusticeDie01
Â·
Apr 27","#btc   
1 diyenler rt 
2 diyenler biÅŸey yapmasÄ±n
4
16
48",,4,16,48,['https://pbs.twimg.com/media/FRV04KVXsAIp-c6?format=jpg&name=small'],https://twitter.com/JusticeDie01/status/1519248963941150725
JusticeDies,@JusticeDie01,2022-04-27T13:56:37.000Z,"JusticeDies
@JusticeDie01
Â·
Apr 27","#btc korku endeksi
1
21",,,1,21,['https://pbs.twimg.com/media/FRWwjVvWYAUGYte?format=jpg&name=900x900'],https://twitter.com/JusticeDie01/status/1519314578605330432
JusticeDies,@JusticeDie01,2022-04-27T05:19:44.000Z,"JusticeDies
@JusticeDie01
Â·
Apr 27","GÃ¼naydÄ±n Madenci arkadaÅŸlarÄ±m 
#btc
13
3
127",,13,3,127,[],https://twitter.com/JusticeDie01/status/1519184498453274625
JusticeDies,@JusticeDie01,2022-04-27T13:16:46.000Z,"JusticeDies
@JusticeDie01
Â·
Apr 27","Ã‡in, H3N8 kuÅŸ gribinin ilk insan vakasÄ±nÄ± bildirdi.
12
4
64",,12,4,64,[],https://twitter.com/JusticeDie01/status/1519304549642776578
JusticeDies,@JusticeDie01,2022-04-27T11:35:58.000Z,"JusticeDies
@JusticeDie01
Â·
Apr 27","Sen yazanda olmaz mÄ± ? 
10 dk tavan 
#bmsch
....BÃ–RÃœ....
@26_unieses
 Â· Apr 27
#bmsch 

Olur mu ?

@JusticeDie01
1
2
29",,1,2,29,"['https://pbs.twimg.com/profile_images/1509558394629283840/XBu4kggW_mini.jpg', 'https://pbs.twimg.com/media/FRWP84SX0AA0raR?format=jpg&name=900x900']",https://twitter.com/JusticeDie01/status/1519279181078700032
JusticeDies,@JusticeDie01,2022-04-28T15:18:17.000Z,"JusticeDies
@JusticeDie01
Â·
Apr 28","#bitcoin
2
5
36",,2,5,36,['https://pbs.twimg.com/media/FRcM1CNWYAALLgp?format=jpg&name=small'],https://twitter.com/JusticeDie01/status/1519697517130260486
JusticeDies,@JusticeDie01,2022-04-28T07:42:01.000Z,"JusticeDies
@JusticeDie01
Â·
Apr 28","#eth
4
23",,,4,23,['https://pbs.twimg.com/media/FRakaIAagAEhU_u?format=jpg&name=small'],https://twitter.com/JusticeDie01/status/1519582696086847488
JusticeDies,@JusticeDie01,2022-04-28T07:40:54.000Z,"JusticeDies
@JusticeDie01
Â·
Apr 28","#bitcoin
3
5
37",,3,5,37,['https://pbs.twimg.com/media/FRakJr9aQAAgOuN?format=jpg&name=small'],https://twitter.com/JusticeDie01/status/1519582413491515393
JusticeDies,@JusticeDie01,2022-04-28T07:43:41.000Z,"JusticeDies
@JusticeDie01
Â·
Apr 28","#ALICE
1
6
35",,1,6,35,['https://pbs.twimg.com/media/FRakyaCaUAES6d1?format=jpg&name=small'],https://twitter.com/JusticeDie01/status/1519583113223016448
JusticeDies,@JusticeDie01,2022-04-28T15:23:04.000Z,"JusticeDies
@JusticeDie01
Â·
Apr 28","#dar  roketlemiÅŸ
3
3
28",,3,3,28,['https://pbs.twimg.com/media/FRcN7TgWYAEYt5f?format=jpg&name=900x900'],https://twitter.com/JusticeDie01/status/1519698721239351303
JusticeDies,@JusticeDie01,2022-04-28T06:18:50.000Z,"JusticeDies
@JusticeDie01
Â·
Apr 28","GÃ¼naydÄ±n Madenci arkadaÅŸlarÄ±m 
GÃ¼nÃ¼nÃ¼z bereketli olsun 
#btc
9
4
96",,9,4,96,[],https://twitter.com/JusticeDie01/status/1519561759966875650
JusticeDies,@JusticeDie01,2022-04-28T16:39:54.000Z,"JusticeDies
@JusticeDie01
Â·
Apr 28","Kalite bÃ¶yle dÃ¼ÅŸÃ¼yor iÅŸte
Melike Åahin
@melikessahin
 Â· Apr 28
Ukrayna'dan TÃ¼rkiye'ye yatay geÃ§iÅŸ iÃ§in baÅŸvuran 4 bin 8 Ã¶ÄŸrencinin binden fazlasÄ± tÄ±p okuyor. SonuÃ§lar aÃ§Ä±klandÄ±. BazÄ± tÄ±p fakÃ¼ltelerinde sayÄ±sal puanÄ± olmayan ve taban puanlarÄ±n Ã§ok altÄ±nda puan almÄ±ÅŸ Ã¶ÄŸrencilerin kabul edilmesi tÄ±p eÄŸitiminde nitelik tartÄ±ÅŸmasÄ±na neden oldu.
2
2
25",,2,2,25,"['https://pbs.twimg.com/profile_images/1459469115056398337/nt2l2KOe_mini.jpg', 'https://pbs.twimg.com/ext_tw_video_thumb/1519689242405920768/pu/img/AYDIF0t1TsANEEbn.jpg']",https://twitter.com/JusticeDie01/status/1519718059023478787
JusticeDies,@JusticeDie01,2022-04-28T19:06:16.000Z,"JusticeDies
@JusticeDie01
Â·
Apr 29","Sekretere sahip Ã§Ä±kÄ±n
Nazgul Kenzhetay
@nazgulkenzhetay
 Â· Apr 29
Rusya Kiev'i yine bombalÄ±yor...10'a yakÄ±n yaralÄ± var.  BM Genel Sekreteri de Kiev'de...
1
23",,,1,23,['https://pbs.twimg.com/profile_images/1504221186338795525/gZc08VkM_mini.jpg'],https://twitter.com/JusticeDie01/status/1519754890515472385
JusticeDies,@JusticeDie01,2022-04-28T19:19:27.000Z,"JusticeDies
@JusticeDie01
Â·
Apr 29","SuÃ§lu kur oldu
Haber Report
@HaberReport
 Â· Apr 29
TCMB BaÅŸkanÄ± KavcÄ±oÄŸlu: Kurun nerede duracaÄŸÄ±nÄ± kur da ÅŸaÅŸÄ±rdÄ±. Kur hep aynÄ± noktada deÄŸil.
2
33",ğŸ˜‚ ğŸ˜‚ ğŸ˜‚,,2,33,['https://pbs.twimg.com/profile_images/1488211183492608003/bLJSWgxf_mini.jpg'],https://twitter.com/JusticeDie01/status/1519758210550452224
JusticeDies,@JusticeDie01,2022-04-28T12:27:50.000Z,"JusticeDies
@JusticeDie01
Â·
Apr 28","VahÅŸi Hayatlar
@VahsiHayatlar
 Â· Apr 28
Her ailede vardÄ±r bÃ¶yle bir uyanÄ±k...
0:18
422.1K views
1
2
25",ğŸ˜,1,2,25,['https://pbs.twimg.com/profile_images/1335212669645844481/TdNWDY3c_mini.jpg'],https://twitter.com/JusticeDie01/status/1519654624155811841
JusticeDies,@JusticeDie01,2022-04-28T07:01:16.000Z,"JusticeDies
@JusticeDie01
Â·
Apr 28","Haber
@Haber
 Â· Apr 28
Elon Musk: â€œÅimdi de Coca Cola'yÄ± satÄ±n alÄ±p iÃ§ine tekrar kokain koyacaÄŸÄ±m.â€
Show this thread
1
2
25",ğŸ˜‚ ğŸ˜‚ ğŸ˜‚,1,2,25,['https://pbs.twimg.com/profile_images/1496136771851231241/_q6QEUtQ_mini.jpg'],https://twitter.com/JusticeDie01/status/1519572439289810944
JusticeDies,@JusticeDie01,2022-04-28T12:27:50.000Z,"JusticeDies
@JusticeDie01
Â·
Apr 28","VahÅŸi Hayatlar
@VahsiHayatlar
 Â· Apr 28
Her ailede vardÄ±r bÃ¶yle bir uyanÄ±k...
422.1K views
0:04 / 0:21
1
2
25",ğŸ˜,1,2,25,['https://pbs.twimg.com/profile_images/1335212669645844481/TdNWDY3c_mini.jpg'],https://twitter.com/JusticeDie01/status/1519654624155811841
JusticeDies,@JusticeDie01,2022-04-29T06:01:34.000Z,"JusticeDies
@JusticeDie01
Â·
13h","#Bitcoin
3
2
45",,3,2,45,['https://pbs.twimg.com/media/FRfXAX6XMAAUf9Y?format=jpg&name=small'],https://twitter.com/JusticeDie01/status/1519919803087175680
JusticeDies,@JusticeDie01,2022-04-29T15:20:14.000Z,"JusticeDies
@JusticeDie01
Â·
4h","https://accounts.binance.me/tr/register?ref=M95GZV7Jâ€¦

#Binance global   kripto para Ã¼yelik linki 

Sabit twitti  rt edelim 
#Ã§ekiliÅŸ  Var 
#btc 
#dolar 
#AltÄ±n
3
15",,,3,15,[],https://twitter.com/JusticeDie01/status/1520060396282990592
JusticeDies,@JusticeDie01,2022-04-29T17:24:06.000Z,"JusticeDies
@JusticeDie01
Â·
2h","Dedi ve zam Ä± Ã§aktÄ±
UyandÄ±rma Servisi
@uyanhadi_
 Â· 8h
Hazine ve Maliye BakanÄ± Nureddin Nebati: â€œDÃ¼nyanÄ±n en ucuz benzinini kullanÄ±yoruz.â€
3
24",,,3,24,['https://pbs.twimg.com/profile_images/1174800194183028736/MWAI7Wa2_mini.png'],https://twitter.com/JusticeDie01/status/1520091567956144129
JusticeDies,@JusticeDie01,2022-04-29T11:19:44.000Z,"JusticeDies
@JusticeDie01
Â·
8h","3 4 mayÄ±sa kadar  korku devam eder 
#btc
2
25",,,2,25,['https://pbs.twimg.com/media/FRgf0z_XMAAMghk?format=jpg&name=900x900'],https://twitter.com/JusticeDie01/status/1519999873432625152
JusticeDies,@JusticeDie01,2022-04-29T05:38:54.000Z,"JusticeDies
@JusticeDie01
Â·
13h","GÃ¼naydÄ±n arkadaÅŸlar 
HayÄ±rlÄ± cumalar
9
1
69",,9,1,69,[],https://twitter.com/JusticeDie01/status/1519914098342993920
JusticeDies,@JusticeDie01,2022-04-29T06:10:07.000Z,"JusticeDies
@JusticeDie01
Â·
13h","Bu zulme ses Ã§Ä±karmayanlar
UtansÄ±n
Orta Asya / TÃ¼rkistan DÃ¼nyasÄ±
@OrtaAsyaDunyasi
 Â· 22h
Uygur TÃ¼rkÃ¼ GÃ¼lbahar Jelilova, uÄŸradÄ±klarÄ± soykÄ±rÄ±mÄ± anlatÄ±yorâ€¦
3
2
22",,3,2,22,"['https://pbs.twimg.com/profile_images/1343361333417402369/OE8XohYP_mini.jpg', 'https://pbs.twimg.com/ext_tw_video_thumb/1519776415075471360/pu/img/XPpUMw-C-robmBcx.jpg']",https://twitter.com/JusticeDie01/status/1519921953619988480
JusticeDies,@JusticeDie01,2022-04-29T07:25:59.000Z,"JusticeDies
@JusticeDie01
Â·
12h","Bir arkadaÅŸÄ±m  intihar etmiÅŸ 
Evli ve 2 erkek  Ã§ocuÄŸu vardÄ± 
1985  doÄŸumlu  kendisi 

Allah  rahmet eylesin  
45
3
192",ğŸ¥º,45,3,192,[],https://twitter.com/JusticeDie01/status/1519941048507715585
JusticeDies,@JusticeDie01,2022-04-29T07:27:59.000Z,"JusticeDies
@JusticeDie01
Â·
11h","Ä°nsanlarÄ±n sÄ±kÄ±ntÄ±larÄ±nÄ± dertlerini 
Bilmiyorsun 
Kim bilir ne derdi vardÄ±
2
1
46",,2,1,46,[],https://twitter.com/JusticeDie01/status/1519941548820996098
JusticeDies,@JusticeDie01,2022-04-29T06:31:26.000Z,"JusticeDies
@JusticeDie01
Â·
12h","Yaz kÄ±zÄ±m 
Hava kirliliÄŸine savaÅŸ aÃ§Ä±ldÄ± 
Pusholder
@pusholder
 Â· 12h
Benzine 1,33 TL zam gelmesi bekleniyor.
1
1
29",ğŸ˜,1,1,29,['https://pbs.twimg.com/profile_images/1464706341927325699/8YX-8F___mini.jpg'],https://twitter.com/JusticeDie01/status/1519927321049845760
JusticeDies,@JusticeDie01,2022-04-29T13:33:11.000Z,"JusticeDies
@JusticeDie01
Â·
5h","Tamda sÄ±ÄŸÄ±nmacÄ±lar gÃ¼ndemdeyken 
The guardian  ne demek istemiÅŸ 
Giderlerse bÃ¶yle mi olur diyor 
T24
@t24comtr
 Â· 12h
Tadaman KatliamÄ±: The Guardian, Esad'a baÄŸlÄ± gÃ¼Ã§lerin 41 sivili infaz edip bir Ã§ukurda yaktÄ±ÄŸÄ±nÄ± gÃ¶steren gÃ¶rÃ¼ntÃ¼leri yayÄ±nladÄ±
https://t24.com.tr/haber/tadaman-katliami-the-guardian-esad-a-bagli-guclerin-41-sivili-infaz-edip-bir-cukurda-yaktigini-gosteren-goruntuleri-yayinladi,1031074â€¦
1
2
13",ğŸ¤”,1,2,13,['https://pbs.twimg.com/profile_images/1519023122959196162/0H0RRK31_mini.jpg'],https://twitter.com/JusticeDie01/status/1520033456163540995
JusticeDies,@JusticeDie01,2022-04-29T17:37:25.000Z,"JusticeDies
@JusticeDie01
Â·
1h","Rossi yazdÄ±
1
1
19",,1,1,19,[],https://twitter.com/JusticeDie01/status/1520094921658703876
JusticeDies,@JusticeDie01,2022-04-29T12:28:30.000Z,"JusticeDies
@JusticeDie01
Â·
6h","Ensar  kardeÅŸim Ensar 
Diplomatik Strateji
@diplomatikstji
 Â· 7h
Fatih AltaylÄ±:

""Ankara Emniyeti, Etimesgutâ€™ta Åehit Osman AvcÄ± Polis Merkeziâ€™ne Suriyeli bir komiser yardÄ±mcÄ±sÄ± atandÄ±ÄŸÄ± dedikodusu ile Ã§alkalanÄ±yor""
1
13",ğŸ˜‚ ğŸ˜‚ ğŸ˜‚,,1,13,['https://pbs.twimg.com/profile_images/1301991212023525382/xNdVv6R8_mini.jpg'],https://twitter.com/JusticeDie01/status/1520017177927110657
JusticeDies,@JusticeDie01,2022-04-29T08:57:35.000Z,"JusticeDies
@JusticeDie01
Â·
10h","Ege  denizi Ä±sÄ±nmÄ±ÅŸtÄ±r
GÃ¼ndeme Dair Her Åey
@gundemedairhs
 Â· 10h
GÃ¼venlik KaynaklarÄ±:

TÃ¼rk hava sahasÄ±nÄ± 3 gÃ¼nde toplam 30 defa ihlal eden Yunan uÃ§aklarÄ±na, TÃ¼rk Hava Kuvvetleri unsurlarÄ± misliyle karÅŸÄ±lÄ±k verdi.
1
1
17",ğŸš¨ ğŸš¨ ğŸš¨ ğŸš¨ ğŸš¨,1,1,17,['https://pbs.twimg.com/profile_images/1412062294394261506/FfxyxRE1_mini.jpg'],https://twitter.com/JusticeDie01/status/1519964099517497346
