user_id,retweet-count,user_screen_name,user_name,user_ location,user_description,Geo: ,coordinates,user_created,user_followers,user_friends,user_favourites,user_verified,date,text,hashtags,source,place,is_retweet
1500494512212295685,0,RawMaterialNYC,Raw Material,,01000010 01110101 01111001 00100000 01000010 01101001 01110100 01100011  01101111 01101001 01101110  #StackingSats,,,2014-07-15 11:44:50+00:00,465,2746,27740,False,2022-03-06 15:32:24+00:00,@1EastSideTony @nayibbukele @nayibbukele  marijuana should be legal just like bitcoin.,,Twitter for Android,,False
1500494511935729666,89,HUY_HOAN888,Huy HoÃ n,,,,,2021-12-18 08:05:16+00:00,100,310,4800,False,2022-03-06 15:32:24+00:00,"RT @KishuInuMeta: #KISHUVERSE NFTs use case will be announced in #DubaiExpo2022 this monthğŸ”¥ #BNB #Huobi
#kucoin #Bitcoin 

1-)Rarity tool âœ…â€¦","['KISHUVERSE', 'DubaiExpo2022', 'BNB', 'Huobi', 'kucoin', 'Bitcoin']",Twitter for iPhone,,False
1500494509838327808,6,smallb4lls,smallballs.eth,Smallsworld,"Intellectual property of a procrastinating guy! (3,3)",,,2014-08-19 18:17:19+00:00,522,824,7555,False,2022-03-06 15:32:23+00:00,"RT @MessariCrypto: 1/ @CoinSharesCo estimated the carbon emission of Bitcoin mining for 2021 to be 41 metric tons (Mt) of CO2.

Other indusâ€¦",,Twitter for iPhone,,False
1500494508479610880,403,luckyriegowin,teman TPA OTONGğŸŒŸ,,"#cutetesty
$UPI 
#shillcrewlegit
#jihantesti
#rubyproofs
#inezwinner #SafeMoonRichArmy â¤ï¸ğŸ€
Allah akan selalu mmberikn kbahagiaan dan kberuntungn",,,2015-05-17 11:47:30+00:00,227,3660,13190,False,2022-03-06 15:32:23+00:00,"RT @WatcherGuru: JUST IN: The number of addresses holding at least 1,000 #Bitcoin is 2,261, itâ€™s highest level in 11 months.",['Bitcoin'],Twitter for Android,,False
1500494506931765252,6383,AAlnmly,Arif,,,,,2021-10-24 13:23:33+00:00,51,246,69,False,2022-03-06 15:32:22+00:00,"RT @freecashcom: $1000 Giveaway

- Follow us
- Retweet
- Visit Freecash (Earn free #Bitcoin)

Rolling in 7 days",['Bitcoin'],Twitter Web App,,False
1500494505836957696,0,MekaBillionaire,Meka Billionaire NFT,Metaverse,"ğŸ¤– The Meka Billionaire community is a futuristic community. People with the same ambitions. We are 3770 robots. You want one? #btc
Discord: https://t.co/gN2TPgblPZ",,,2022-02-20 15:16:28+00:00,39,280,90,False,2022-03-06 15:32:22+00:00,"@miky_NFT ğŸš€01/04/2022

DiscordğŸ‘€ https://t.co/Wfpak1cxW6
#art #nftart #cryptoart #nftartist #nftcollector #nftcommunity #nfts #digitalart #crypto #ethereum #blockchain #artist #bitcoin #opensea #cryptocurrency #nftcollectors #Discord #DiscordLeak #discordãƒã‚±ã‚« #DiscordBanOnIranians #NFT https://t.co/EjYdVL7qMH","['art', 'nftart', 'cryptoart', 'nftartist', 'nftcollector']",Twitter for Android,,False
1500494505694302212,0,CryptoKatharine,Crypto Katharine,United States,"Market analysis & recaps, scalping leverage calls, binance altcoin signals follow & search on Telegram to get our channel @tradeosiann",,,2021-10-28 05:47:55+00:00,18,80,6,False,2022-03-06 15:32:22+00:00,"#Bitcoin #ETH LTF TA Update :-

$BTC currently trading at $39400

I am buying here in spot and Some in future.

Entry - $38800-$39400
Targets - $41800/$44600
Stop Loss - $38400

This Could be Bottom imo.

Follow @Tradeosiann to get more updates about #solana #NFT k","['Bitcoin', 'ETH']",Twitter for Android,,False
1500494504461312000,0,creidleader,"Carlos Reid, Marketing Specialist","Memphis, TN and Miami, FL","Knowledge, Fitness, Legacy |https://t.co/mQoraYi0h4 |CashApp $MrCarlosReid |#MemphisCoin & #MiamiCoin |#Btc $Stx #CityCoins $Eth $Shib $Bone $Srwd $Xrp |Black People",,,2011-07-25 23:44:39+00:00,6023,1542,9832,False,2022-03-06 15:32:22+00:00,"#Memphis Future revenues generated by the #MemphisCoin could be used for:  
-Road repairs/overhaul 
-Utility upgrades/staff training and hiring for emergency preparedness 
-Community based counseling services
-Daycare assistance 
-Bitcoin wallets for Memphis citizens, etc.","['Memphis', 'MemphisCoin']",Twitter for iPhone,,False
1500494503610060807,0,CryptoJenny4,Crypto Jenny,"New Delhi, India","Market analysis & recaps, scalping leverage calls, binance altcoin signals follow & search on Telegram to get our channel @tradeosiann",,,2021-11-17 15:29:32+00:00,141,637,13,False,2022-03-06 15:32:22+00:00,"#Bitcoin #ETH LTF TA Update :-

$BTC currently trading at $39400

I am buying here in spot and Some in future.

Entry - $38800-$39400
Targets - $41800/$44600
Stop Loss - $38400

This Could be Bottom imo.

Follow @Tradeosiann to get more updates about #solana #NFT k","['Bitcoin', 'ETH']",Twitter for Android,,False
1500494501042958338,9,cdat_crypto,cdat.icp âˆ,,$ICP and $NANO.,,,2021-08-15 11:01:19+00:00,52,263,5423,False,2022-03-06 15:32:21+00:00,"RT @nano: ""Other #blockchains are already using much less energy-intensive ways of operating... #nano, which prides itself on being #ecofriâ€¦","['blockchains', 'nano']",Twitter for iPhone,,False
1500494500481105921,0,ChakuLove1,crypto nanomi,,,,,2021-12-06 05:23:57+00:00,48,10,6,False,2022-03-06 15:32:21+00:00,"#Bitcoin #ETH LTF TA Update :-

$BTC currently trading at $39400

I am buying here in spot and Some in future.

Entry - $38800-$39400
Targets - $41800/$44600
Stop Loss - $38400

This Could be Bottom imo.

Follow @Tradeosiann to get more updates about #solana #NFT h","['Bitcoin', 'ETH']",Twitter for Android,,False
1500494497767202819,0,HamidAz40575290,Hamid Azizi,,Bring Me To The New Life Son,,,2021-04-18 09:55:30+00:00,41,155,1449,False,2022-03-06 15:32:20+00:00,"@TomBilmore Would you like to see crypto and the forex market on a platform?  
BlueSparrow  CEX offers you this exciting feature....
#ETH
#BlueSparrow
#BlueSparrowtoken
#BlueSparrowCommunity
#BestDrawToken
#Bluesparrowcharity
@BlueSparrowETH
#web3
#Bitcoin
@BluesparrowC
#BluesparrowCEXğŸ’¥72",,Twitter for Android,,False
1500494496748150784,257,luckyriegowin,teman TPA OTONGğŸŒŸ,,"#cutetesty
$UPI 
#shillcrewlegit
#jihantesti
#rubyproofs
#inezwinner #SafeMoonRichArmy â¤ï¸ğŸ€
Allah akan selalu mmberikn kbahagiaan dan kberuntungn",,,2015-05-17 11:47:30+00:00,227,3660,13190,False,2022-03-06 15:32:20+00:00,"RT @BitcoinFear: Bitcoin Fear and Greed Index is 22 - Extreme Fear
Current price: $39,468 https://t.co/DBm4BzpmKm",,Twitter for Android,,False
1500494492566441986,0,BestCry28913188,Best Crypto,,,,,2022-02-10 08:23:18+00:00,10,2,1,False,2022-03-06 15:32:19+00:00,"#Bitcoin #USDT LTF TA Update :-

$BTC currently trading at $39400

I am buying here in spot and Some in future.

Entry - $38800-$39400
Targets - $41800/$44600
Stop Loss - $38400

This Could be Bottom imo.

Follow @Tradeosiann to get more updates about $BTC #NFT ğŸ™„","['Bitcoin', 'USDT']",Twitter for Android,,False
1500494492419465222,1,JoeInska,Inska,,"Data will set you free; full time trader, forex stocks, crypto 24/7, market analysis.",,,2022-02-06 15:49:32+00:00,118,700,14,False,2022-03-06 15:32:19+00:00,"RT @MarketChartsApp: #BTCUSDT - New Technical Analysis 

Chart on TradingView https://t.co/ecR28JQAUJ $BTC $ETH #Bitcoin #CryptoCurrency #Tâ€¦","['BTCUSDT', 'Bitcoin', 'CryptoCurrency']",inskatestapp,,False
1500494489525559297,0,CryptoJenny4,Crypto Jenny,"New Delhi, India","Market analysis & recaps, scalping leverage calls, binance altcoin signals follow & search on Telegram to get our channel @tradeosiann",,,2021-11-17 15:29:32+00:00,141,637,13,False,2022-03-06 15:32:18+00:00,"#Bitcoin #ETH LTF TA Update :-

$BTC currently trading at $39400

I am buying here in spot and Some in future.

Entry - $38800-$39400
Targets - $41800/$44600
Stop Loss - $38400

This Could be Bottom imo.

Follow @Tradeosiann to get more updates about #solana #NFT j","['Bitcoin', 'ETH']",Twitter for Android,,False
1500494488988434433,0,Rony569569,Rony,,,,,2021-10-13 09:33:04+00:00,8,223,260,False,2022-03-06 15:32:18+00:00,"@AirdropDet Very very nice projects 
@Joy09751931
@fahim3751
@Asadisl40668053

#Airdrops #HappyLandPlus #Bitcoin #AirdropDet #ETH #USDT","['Airdrops', 'HappyLandPlus', 'Bitcoin', 'AirdropDet', 'ETH', 'USDT']",Twitter for Android,,False
1500494487428206592,0,BitcoinBotIndia,Bitcoin Bot India,,"The official #Bitcoin & #BTC bot, Part of #cryptocurrency bitcoin community, Follow for accurate current bitcoin price $ every 5 minutes.",,,2022-02-03 16:08:57+00:00,332,0,582,False,2022-03-06 15:32:18+00:00,Current #Bitcoin price is 38760.27117783237$,['Bitcoin'],BitcoinBotIndia,,False
1500494484135686149,188,themaced0,Tiago,Portugal,Portuguese ğŸ‡µğŸ‡¹,,,2020-02-12 19:51:58+00:00,2386,1802,35679,False,2022-03-06 15:32:17+00:00,"RT @TheCryptoLark: The three biggest holds in my portfolio are #bitcoin, #ethereum, and $usdc. What are your top three holds ğŸ‘‡","['bitcoin', 'ethereum']",Twitter for iPhone,,False
1500494483515150338,0,Sandeep65090891,Sandeep Tandon,,Sandeep Tandon,,,2021-09-30 18:44:46+00:00,19,53,242,False,2022-03-06 15:32:17+00:00,"I am claiming my free Lightning sats from @_bitcoiner's amazing faucet! âš¡

@boltcoiner unlock me 9bd5be3c-0f9f-4dd9-8e3c-e551a94f8e76

#Bitcoin #BTC #LN #LightningNetwork #boltcoiner
https://t.co/16BLB2K21y",,Twitter for Android,,False
1500494482248187904,8,Byte_Produce,Sylvia â‚¿yteX,,"#ITğŸ–¥ï¸ğŸ’» / #AndroidğŸ“± #DevelopmentğŸ›  
#PundiX #FunctionX 
#Advertising #Agency
#womeninblockchain #womencoders ğŸ‘©#blockchain
IÂ´am not a financial advisory!",,,2017-04-19 13:31:11+00:00,2695,634,23846,False,2022-03-06 15:32:17+00:00,"RT @RAAY9999: #HODL is the true power as we have seen throughout the years with #Bitcoin

#PUNDIX is the native coin of Pundi X Chain. Fromâ€¦","['HODL', 'Bitcoin', 'PUNDIX']",Twitter Web App,,False
1500494478368722947,0,NipsMurda,MurdaNips,,â€œâ€¦MurdaNipsâ€¦..thatâ€™s when I knew I loved the internet.â€ - SammyCrypto,,,2021-11-03 20:09:34+00:00,342,103,187,False,2022-03-06 15:32:16+00:00,Ya know that guy who bought Bitcoin at like $1â€¦â€¦$MULN https://t.co/LkGXQExEdz,,Twitter for iPhone,,False
1500494477399580674,0,olivers67860472,numbtech_fx investment,"Pretoria, South Africa",Digital asset managerğŸ’¼ Digital content model Crypto analyst ğŸ“ˆ Licensed Data analyticsâ€¢registered under legal certification of digital mining,,,2020-07-18 05:31:33+00:00,3,50,48,False,2022-03-06 15:32:15+00:00,@KimberlyLyn9 @saltybychoice @PattySm16264397 @TADavis28966282 Hello your post are always interesting here I hope you donâ€™t mind us being friends here am actually a bitcoin account manager I can teach you how to grow your money from low grade to a high upgrade here on Twitter,,Twitter for iPhone,,False
1500494477072474121,35,li_qiulan1,Li Qiulan,"Berlin, Germany",Discover new thingsï¼ŒI am an investor and a cryptocurrency enthusiast. At the same time a lone traveler,,,2009-05-23 20:46:26+00:00,1030,172,174,False,2022-03-06 15:32:15+00:00,RT @GoingParabolic: GM NEWS: Justin Bieberâ€™s Manager Sold Beebâ€™s Mansion for $18.5 Million in #Bitcoin,['Bitcoin'],Twitter Web App,,False
1500494476074127366,0,CryptoKatharine,Crypto Katharine,United States,"Market analysis & recaps, scalping leverage calls, binance altcoin signals follow & search on Telegram to get our channel @tradeosiann",,,2021-10-28 05:47:55+00:00,18,80,6,False,2022-03-06 15:32:15+00:00,"#Bitcoin #ETH LTF TA Update :-

$BTC currently trading at $39400

I am buying here in spot and Some in future.

Entry - $38800-$39400
Targets - $41800/$44600
Stop Loss - $38400

This Could be Bottom imo.

Follow @Tradeosiann to get more updates about #solana #NFT d","['Bitcoin', 'ETH']",Twitter for Android,,False
1500494474862272524,0,CryptoJenny4,Crypto Jenny,"New Delhi, India","Market analysis & recaps, scalping leverage calls, binance altcoin signals follow & search on Telegram to get our channel @tradeosiann",,,2021-11-17 15:29:32+00:00,141,637,13,False,2022-03-06 15:32:15+00:00,"#Bitcoin #ETH LTF TA Update :-

$BTC currently trading at $39400

I am buying here in spot and Some in future.

Entry - $38800-$39400
Targets - $41800/$44600
Stop Loss - $38400

This Could be Bottom imo.

Follow @Tradeosiann to get more updates about #solana #NFT h","['Bitcoin', 'ETH']",Twitter for Android,,False
1500494472190193665,6,kris14nanshan,kris chen,Hong Kong,,,,2021-07-03 01:32:12+00:00,14,329,81,False,2022-03-06 15:32:14+00:00,"RT @MessariCrypto: 1/ @CoinSharesCo estimated the carbon emission of Bitcoin mining for 2021 to be 41 metric tons (Mt) of CO2.

Other indusâ€¦",,Twitter Web App,,False
1500494466599329797,0,mikecharles81,ğŸ„±ğŸ„»ğŸ„¾ğŸ„²ğŸ„ºá¶œÊ°áµƒâ±â¿ğŸ…¼ğŸ…².â’ºâ“‰â’½,New England,#Satoshi of #MusicğŸ¦¸ğŸ¾â€â™‚ï¸ IPğŸ’¡Law & Legacy âš–ï¸ Master of my Masters ğŸ“ #BlockchainRules ğŸ“¯ğŸ–¼ï¸ğŸ“¯ #Bitcoin #Etheruem #NEXO #NFTart #MusicNFTs,,,2010-12-01 19:06:22+00:00,666,82,3008,False,2022-03-06 15:32:13+00:00,"The Gold Standard 2.0 is coming.
#Bitcoin will be linked to it 

#BlockchainRules","['Bitcoin', 'BlockchainRules']",Twitter for Android,,False
1500494464808325122,0,HamidAz40575290,Hamid Azizi,,Bring Me To The New Life Son,,,2021-04-18 09:55:30+00:00,41,155,1449,False,2022-03-06 15:32:12+00:00,"@TomBilmore Would you like to see crypto and the forex market on a platform?  
BlueSparrow  CEX offers you this exciting feature....
#ETH
#BlueSparrow
#BlueSparrowtoken
#BlueSparrowCommunity
#BestDrawToken
#Bluesparrowcharity
@BlueSparrowETH
#web3
#Bitcoin
@BluesparrowC
#BluesparrowCEXğŸ’¥71",,Twitter for Android,,False
1500494464464211970,0,BestCry28913188,Best Crypto,,,,,2022-02-10 08:23:18+00:00,10,2,1,False,2022-03-06 15:32:12+00:00,"#Bitcoin #USDT LTF TA Update :-

$BTC currently trading at $39400

I am buying here in spot and Some in future.

Entry - $38800-$39400
Targets - $41800/$44600
Stop Loss - $38400

This Could be Bottom imo.

Follow @Tradeosiann to get more updates about $BTC #NFT ğŸƒ","['Bitcoin', 'USDT']",Twitter for Android,,False
1500494464040976385,0,ChakuLove1,crypto nanomi,,,,,2021-12-06 05:23:57+00:00,48,10,6,False,2022-03-06 15:32:12+00:00,"#Bitcoin #ETH LTF TA Update :-

$BTC currently trading at $39400

I am buying here in spot and Some in future.

Entry - $38800-$39400
Targets - $41800/$44600
Stop Loss - $38400

This Could be Bottom imo.

Follow @Tradeosiann to get more updates about #solana #NFT g","['Bitcoin', 'ETH']",Twitter for Android,,False
1500494462476492803,2618,zynieann,Niezy Ann Lodriga Suarez,"Lucban,quezon","these days, Im letting God handle all things above me",,,2016-11-23 10:38:16+00:00,254,1134,4873,False,2022-03-06 15:32:12+00:00,"RT @ICOAnnouncement: ğŸ™ New Project

ğŸ”· Forbitspace (FBS)

ğŸ”¶ Forbitspace is a decentralized, interoperable, and multi-chain protocol on numerâ€¦",,Twitter for Android,,False
1500494462405033984,29,btcgrant,STOP USING THEIR MONEY! âˆ/21M,NY,Music Producer | #Bitcoin Maximalist,,,2010-11-13 19:08:32+00:00,1168,2691,27959,False,2022-03-06 15:32:12+00:00,"RT @LadyAnarki: You're on team Ukraine or team Russia.

When will you join me on team Humanity?

Stop voting
Stop paying taxes
Stop obeyingâ€¦",,Twitter for iPhone,,False
1500494461310324737,6,Ali_Samani_Leo,Ali Babadai,,,,,2022-01-04 01:15:15+00:00,7,21,756,False,2022-03-06 15:32:12+00:00,"RT @AndersonAR_66: Market in red and nodes in green.  #FEG/ #ETH , #ROX/ #BNB, #ROX/ #ETH standing out ğŸ’£ğŸš€
#ROX
#SmartDeFi #Launchpad #BSCGeâ€¦","['FEG', 'ETH', 'ROX', 'BNB', 'ROX', 'ETH', 'ROX', 'SmartDeFi', 'Launchpad']",Twitter for Android,,False
1500494459733442560,1938,hewuffswin,tiwi ğŸ’— fb please? â !Â¡ áµ•Ìˆ ğŸŒŸ freetag,,"manifesting bigwin, Jesus i believe in You ğŸ¤—ğŸ¤ @/hewuffsx ğŸ£",,,2022-03-05 16:39:12+00:00,43,289,90,False,2022-03-06 15:32:11+00:00,"RT @Steam_Exchange: #SteamExchange is proudly made in Canada, for the World ğŸŒ

We're incredibly proud of our community and look forward toâ€¦",['SteamExchange'],Twitter for iPhone,,False
1500494459393527814,149,LinaMHL,Mariana HernÃ¡ndez,El Salvador,â™‹But I don't mind as long as there's a bed beneath the stars that shine.. Mad fer itâ™¡ DiseÃ±adora industrial.,,,2010-03-20 23:05:47+00:00,840,1601,23835,False,2022-03-06 15:32:11+00:00,RT @frivas2021: Sin Bitcoin / con Bitcoin https://t.co/WQ1pIWdpfT,,Twitter for Android,,False
1500494458491654147,0,jagofreelance,JAGO,Decentralized,"I love Design, Formula 1, Metal and Crypto.",,,2009-07-06 17:00:29+00:00,349,166,49376,False,2022-03-06 15:32:11+00:00,"The censorship capabilities of the western allies has been exposed to an unimaginable thinking. 

If you donâ€™t care about decentralization and privacyâ€¦ you should. 

#bitcoin #Cardano #Crypto #blockchain #privacy",,Twitter for iPhone,,False
1500494455773986816,0,CryptoJenny4,Crypto Jenny,"New Delhi, India","Market analysis & recaps, scalping leverage calls, binance altcoin signals follow & search on Telegram to get our channel @tradeosiann",,,2021-11-17 15:29:32+00:00,141,637,13,False,2022-03-06 15:32:10+00:00,"#Bitcoin #ETH LTF TA Update :-

$BTC currently trading at $39400

I am buying here in spot and Some in future.

Entry - $38800-$39400
Targets - $41800/$44600
Stop Loss - $38400

This Could be Bottom imo.

Follow @Tradeosiann to get more updates about #solana #NFT g","['Bitcoin', 'ETH']",Twitter for Android,,False
1500494451894267909,277,dipperxim,"Dipperxim (ğŸ‰,ğŸ‰)",,"Not sure what to do

â€œ..Only when it is dark enough can you see the starsâ€. -Martin Luther King, Jr",,,2021-03-07 20:25:56+00:00,11,182,2372,False,2022-03-06 15:32:09+00:00,RT @TechDev_52: Reaccumulation structures at #Bitcoin Dormancy Flow bottoms. https://t.co/RfujVzmS4w,['Bitcoin'],Twitter Web App,,False
1500494451491237890,748,chadl2,Chad Lauterbach,"Los Angeles, CA",Founder of @bestructured. We help small businesses meet their IT needs with Managed IT Security Services in LA. #bitcoin,,,2008-04-07 00:06:54+00:00,2367,1458,146640,False,2022-03-06 15:32:09+00:00,"RT @BTC_Archive: HODL your ground! ğŸ’ª 
#Bitcoin

 https://t.co/XUnxk3keiI",['Bitcoin'],Twitter for iPhone,,False
1500494450426101760,0,aristodo1,crypto-javi,Chile,"Bullish $LUNA and #Bitcoin 52 yrs (so X-gen not boomer OK bitches) South American, rough English. No maximalism. Proper stoner. Not a bot,  but verbose anyway",,,2021-10-09 21:53:46+00:00,66,783,1411,False,2022-03-06 15:32:09+00:00,"bitcoin on 1 day we are yet trapped on that channel between 35K and 45K. Under 35K whales are buying.
Maybe it can be said that on the awful turmoil of this week #bitcoin showed resilience and didn't went for the 35K support crying lake a little baby rabbit. https://t.co/PjdZVPOA0W",,Twitter Web App,,False
1500494449373290498,0,media_diamante,Diamante Media,,Diamante Media is a media site which provides information about Blockchain and Diamond industry.,,,2019-04-02 19:00:44+00:00,1642,1129,257,False,2022-03-06 15:32:09+00:00,"Bitcoin Zero One Day Trading Volume Reaches $7.00
(BZX)   https://t.co/1LqKN8zC05    #Diamante #Blockchain #DiamCircle","['Diamante', 'Blockchain', 'DiamCircle']",Microsoft Power Platform,,False
1500494448970674184,0,media_diamante,Diamante Media,,Diamante Media is a media site which provides information about Blockchain and Diamond industry.,,,2019-04-02 19:00:44+00:00,1642,1129,257,False,2022-03-06 15:32:09+00:00,"Best Stocks, Crypto, and ETFs to Watch â€“ Visa, Dollar Tree,
Bitcoin in Focus   https://t.co/HUgnu8OxOZ    #Diamante #Blockchain #DiamCircle","['Diamante', 'Blockchain', 'DiamCircle']",Microsoft Power Platform,,False
1500494448840650756,0,media_diamante,Diamante Media,,Diamante Media is a media site which provides information about Blockchain and Diamond industry.,,,2019-04-02 19:00:44+00:00,1642,1129,257,False,2022-03-06 15:32:09+00:00,"Grayscale Bitcoin Trust Plans to Become ETF Amid Negative
Performance   https://t.co/xc9uQU3ORE    #Diamante #Blockchain #DiamCircle","['Diamante', 'Blockchain', 'DiamCircle']",Microsoft Power Platform,,False
1500494448836423686,0,media_diamante,Diamante Media,,Diamante Media is a media site which provides information about Blockchain and Diamond industry.,,,2019-04-02 19:00:44+00:00,1642,1129,257,False,2022-03-06 15:32:09+00:00,"Bitcoin Falls Back To $38,000 As Russia Steps Up Bombardment
Of Ukraine   https://t.co/baCVxV10s7    #Diamante #Blockchain #DiamCircle","['Diamante', 'Blockchain', 'DiamCircle']",Microsoft Power Platform,,False
1500494448370884618,0,media_diamante,Diamante Media,,Diamante Media is a media site which provides information about Blockchain and Diamond industry.,,,2019-04-02 19:00:44+00:00,1642,1129,257,False,2022-03-06 15:32:08+00:00,"Meltem Demirors Says Bitcoin Can Become A Risk-Off
Asset   https://t.co/Xuyk6ZyQNJ    #Diamante #Blockchain #DiamCircle","['Diamante', 'Blockchain', 'DiamCircle']",Microsoft Power Platform,,False
1500494448358273028,0,media_diamante,Diamante Media,,Diamante Media is a media site which provides information about Blockchain and Diamond industry.,,,2019-04-02 19:00:44+00:00,1642,1129,257,False,2022-03-06 15:32:08+00:00,"Bitcoin Slides 6% Over The Past 24-Hours, Back Under
$40K   https://t.co/hihKfWLS1H    #Diamante #Blockchain #DiamCircle","['Diamante', 'Blockchain', 'DiamCircle']",Microsoft Power Platform,,False
1500494447783514116,0,BestCry28913188,Best Crypto,,,,,2022-02-10 08:23:18+00:00,10,2,1,False,2022-03-06 15:32:08+00:00,"#Bitcoin #USDT LTF TA Update :-

$BTC currently trading at $39400

I am buying here in spot and Some in future.

Entry - $38800-$39400
Targets - $41800/$44600
Stop Loss - $38400

This Could be Bottom imo.

Follow @Tradeosiann to get more updates about $BTC #NFT ğŸ¤Ÿ","['Bitcoin', 'USDT']",Twitter for Android,,False
1500494447674798088,869,zynieann,Niezy Ann Lodriga Suarez,"Lucban,quezon","these days, Im letting God handle all things above me",,,2016-11-23 10:38:16+00:00,254,1134,4873,False,2022-03-06 15:32:08+00:00,"RT @ICOAnnouncement: ğŸ™ New Project

ğŸ”· Mortal Wars (MWT)

ğŸ”¶ Mortal Wars is a decentralized P2E game platform based on the Binance Smart Chaiâ€¦",,Twitter for Android,,False
1500494445262872576,371,ValueSubjective,Austrian Credit,,,,,2017-09-16 10:10:43+00:00,165,349,69612,False,2022-03-06 15:32:08+00:00,RT @BitcoinMagazine: Wrong then. Wrong today. #Bitcoin https://t.co/lg4wVF79u9,['Bitcoin'],Twitter for Android,,False
1500494441844715523,0,ChakuLove1,crypto nanomi,,,,,2021-12-06 05:23:57+00:00,48,10,6,False,2022-03-06 15:32:07+00:00,"#Bitcoin #ETH LTF TA Update :-

$BTC currently trading at $39400

I am buying here in spot and Some in future.

Entry - $38800-$39400
Targets - $41800/$44600
Stop Loss - $38400

This Could be Bottom imo.

Follow @Tradeosiann to get more updates about #solana #NFT f","['Bitcoin', 'ETH']",Twitter for Android,,False
1500494440791560194,0,BezosCrypto,Crypto Bezos,,"Crypto Wealthy Living in Abundance Generosity & Positivity Reminds Everyday #Bitcoin TO 100K, UNTIL IT DOES Tweets are Not Financial Advice DYOR #SHIBARMYğŸš€ğŸ’ğŸ™Œ",,,2019-03-13 16:14:00+00:00,1842,2462,65066,False,2022-03-06 15:32:07+00:00,"#Altseason2022 WILL MELT FACES ğŸ”¥ğŸ”¥ğŸ”¥ğŸ”¥ğŸ”¥ğŸ”¥ğŸ”¥ğŸ”¥

BitcoinÂ dips are transitory.
Inflation is money lost forever...

Buy #HODL ##Bitcoin 
Buy #SHIB 
Buy #FLOKI #HOGE #SAITAMA #BNBÂ  #DOGE #ETH #BabyFloki
NFA DYOR https://t.co/kD4cNamsWA","['Altseason2022', 'HODL']",Twitter for iPad,,False
1500494439579779076,0,CryptoJenny4,Crypto Jenny,"New Delhi, India","Market analysis & recaps, scalping leverage calls, binance altcoin signals follow & search on Telegram to get our channel @tradeosiann",,,2021-11-17 15:29:32+00:00,141,637,13,False,2022-03-06 15:32:06+00:00,"#Bitcoin #ETH LTF TA Update :-

$BTC currently trading at $39400

I am buying here in spot and Some in future.

Entry - $38800-$39400
Targets - $41800/$44600
Stop Loss - $38400

This Could be Bottom imo.

Follow @Tradeosiann to get more updates about #solana #NFT f","['Bitcoin', 'ETH']",Twitter for Android,,False
1500494436576514055,0,SajadShalman,sajad shalman,mardan,"main ne palkon se dar e yaar pe dastak di hai..
main wo sael hn jise koi sada yad nahi...",,,2014-11-26 14:03:16+00:00,118,238,8178,False,2022-03-06 15:32:06+00:00,"#Bitcoin #ETH LTF TA Update :-

$BTC currently trading at $39400

I am buying here in spot and Some in future.

Entry - $38800-$39400
Targets - $41800/$44600
Stop Loss - $38400

This Could be Bottom imo.

Follow @Tradeosiann to get more updates about #solana #NFT f","['mining', 'trxmining']",Twitter Web App,,False
1500494435481800709,0,Freemason_UK,PlymouthFreemason âš¡ï¸,"Sovereign, Interweb",#bitcoin only Hodler #britcoiner since 2017. Identify as pleb. Here to support all the other bitcoiners and sat stackers. Also am a Freemason.,,,2010-04-18 10:38:42+00:00,7405,3177,10286,False,2022-03-06 15:32:05+00:00,This coffee cart popped up in my local park. I asked if he takes #bitcoin.. he just laughed. Paid by card and asked how much he pays for each card transaction.. a few % he says. https://t.co/5VpGyRyl7Z,['bitcoin'],Twitter for iPhone,,False
1500494434827386887,0,bmurphypointman,Brett Murphy,"Bay Area, CA",#affiliate #affiliatemarketing #bitcoin #blogger #business  #cryptocurrency  #deals #discount #gifts #marketing #shopping #socialmedia #travel #twitter #webtalk,,,2012-06-25 04:38:20+00:00,77891,18446,24,False,2022-03-06 15:32:05+00:00,#discountoffer #tumblr #twitter #facebook #instagram #dogecoin #socialmedia #pinterest #doge #deal #gift #gifts #giftideas #shop #shopping #affiliatemarketing #bitcoin  Shop #Cookies &amp; #GiftBaskets https://t.co/cxtRqfOUhP,"['discountoffer', 'tumblr', 'twitter', 'facebook', 'instagram', 'dogecoin', 'socialmedia', 'pinterest', 'doge', 'deal', 'gift', 'gifts']",ContentStudio.io,,False
1500494434651328517,0,bmurphypointman,Brett Murphy,"Bay Area, CA",#affiliate #affiliatemarketing #bitcoin #blogger #business  #cryptocurrency  #deals #discount #gifts #marketing #shopping #socialmedia #travel #twitter #webtalk,,,2012-06-25 04:38:20+00:00,77891,18446,24,False,2022-03-06 15:32:05+00:00,#discountoffer #tumblr #twitter #facebook #instagram #dogecoin #socialmedia #pinterest #doge #deal #gift #gifts #giftideas #shop #shopping #affiliatemarketing #bitcoin Mrs. Fields Cookies - Shop #Cookies &amp; #GiftBaskets https://t.co/cxtRqfOUhP,"['discountoffer', 'tumblr', 'twitter', 'facebook', 'instagram', 'dogecoin', 'socialmedia', 'pinterest', 'doge', 'deal', 'gift', 'gifts']",ContentStudio.io,,False
1500494433690988544,2893,hewuffswin,tiwi ğŸ’— fb please? â !Â¡ áµ•Ìˆ ğŸŒŸ freetag,,"manifesting bigwin, Jesus i believe in You ğŸ¤—ğŸ¤ @/hewuffsx ğŸ£",,,2022-03-05 16:39:12+00:00,43,289,90,False,2022-03-06 15:32:05+00:00,"RT @Steam_Exchange: The gears are turning.. Alpha testing of the Rails Networkâ„¢ is well underway âš™ï¸

Stay tuned. Exciting times ahead! 

htâ€¦",,Twitter for iPhone,,False
1500494429773254671,15,mehrara_hosein,Hosein Mehrara,,#BlueSparrow,,,2022-01-16 13:28:51+00:00,230,333,2112,False,2022-03-06 15:32:04+00:00,"RT @mariiaaa_ch: Linking parallel worlds with ğŸ’¥#bluesparrow ğŸŒğŸŒğŸª
ğŸ”¥BlueSparrowğŸ”¥ for everyone
#ETH
#BlueSparrow
#BlueSparrowtoken
#BlueSparrowâ€¦","['bluesparrow', 'ETH', 'BlueSparrow', 'BlueSparrowtoken']",Twitter for Android,,False
1500494429513211907,0,HamidAz40575290,Hamid Azizi,,Bring Me To The New Life Son,,,2021-04-18 09:55:30+00:00,41,155,1449,False,2022-03-06 15:32:04+00:00,"@TomBilmore Would you like to see crypto and the forex market on a platform?  
BlueSparrow  CEX offers you this exciting feature....
#ETH
#BlueSparrow
#BlueSparrowtoken
#BlueSparrowCommunity
#BestDrawToken
#Bluesparrowcharity
@BlueSparrowETH
#web3
#Bitcoin
@BluesparrowC
#BluesparrowCEXğŸ’¥70",,Twitter for Android,,False
1500494428196065281,0,CryptoKatharine,Crypto Katharine,United States,"Market analysis & recaps, scalping leverage calls, binance altcoin signals follow & search on Telegram to get our channel @tradeosiann",,,2021-10-28 05:47:55+00:00,18,80,6,False,2022-03-06 15:32:04+00:00,"#Bitcoin #ETH LTF TA Update :-

$BTC currently trading at $39400

I am buying here in spot and Some in future.

Entry - $38800-$39400
Targets - $41800/$44600
Stop Loss - $38400

This Could be Bottom imo.

Follow @Tradeosiann to get more updates about #solana #NFT a","['Bitcoin', 'ETH']",Twitter for Android,,False
1500494424421601280,0,CryptoJenny4,Crypto Jenny,"New Delhi, India","Market analysis & recaps, scalping leverage calls, binance altcoin signals follow & search on Telegram to get our channel @tradeosiann",,,2021-11-17 15:29:32+00:00,141,637,13,False,2022-03-06 15:32:03+00:00,"#Bitcoin #ETH LTF TA Update :-

$BTC currently trading at $39400

I am buying here in spot and Some in future.

Entry - $38800-$39400
Targets - $41800/$44600
Stop Loss - $38400

This Could be Bottom imo.

Follow @Tradeosiann to get more updates about #solana #NFT d","['Bitcoin', 'ETH']",Twitter for Android,,False
1500494423641460738,0,ChakuLove1,crypto nanomi,,,,,2021-12-06 05:23:57+00:00,48,10,6,False,2022-03-06 15:32:03+00:00,"#Bitcoin #ETH LTF TA Update :-

$BTC currently trading at $39400

I am buying here in spot and Some in future.

Entry - $38800-$39400
Targets - $41800/$44600
Stop Loss - $38400

This Could be Bottom imo.

Follow @Tradeosiann to get more updates about #solana #NFT d","['Bitcoin', 'ETH']",Twitter for Android,,False
1500494422320029699,0,dogan7ay,DoÄŸanâ€™ğŸŒ™ğŸ‡¹ğŸ‡·,"Ä°stanbul, TÃ¼rkiye",terÃ¶r estiriyorum umrumda deÄŸil gerÃ§ekten,,,2022-01-21 13:07:44+00:00,747,705,4183,False,2022-03-06 15:32:02+00:00,Bitcoin ğŸ˜ğŸ¤©ğŸ˜ğŸ–ğŸœğŸ‡¹ğŸ‡·ğŸŒ™ğŸ¥³ğŸ¥³ğŸ¥³ https://t.co/c6wbZp60es,,Twitter for iPhone,,False
1500494418180198409,40,MarsOutside,Mars Outside ğŸ‡ºğŸ‡¦,Brasil,Brazilian crypto enthusiast. Volatility is life. Eternal apprentice. Retweetting only the best posts.,,,2020-10-09 18:22:19+00:00,152,1354,34897,False,2022-03-06 15:32:01+00:00,"RT @TheRealPlanC: Experimenting with an even better #Bitcoin floor model, than the one I shared a few days ago.  

ğŸŸ¦ Dormancy FF  |  $27,27â€¦",['Bitcoin'],Twitter for Android,,False
1500494416263331840,1,Tradecrypto11,crypto trading setup,,"Market analysis & recaps, scalping leverage calls, binance altcoin signals follow & search on Telegram to get our channel @tradeosiann",,,2020-12-02 17:42:32+00:00,5195,5207,4301,False,2022-03-06 15:32:01+00:00,"RT @CryptoKatharine: #Bitcoin #ETH LTF TA Update :-

$BTC currently trading at $39400

I am buying here in spot and Some in future.

Entryâ€¦","['Bitcoin', 'ETH']",Twitter for Android,,False
1500494415651037193,109,EvolucionCrypto,Evolucion Crypto,,"#Bitcoin #NFT #SHIB Novedades Sobre La #Crypto Moneda Contenido Del Momento,Unidos Somos Mas!!! no somos agente financieros solo creemos en la Buena oportunidad",,,2021-11-27 03:19:25+00:00,213,932,4937,False,2022-03-06 15:32:01+00:00,RT @AltcoinGordon: Me watching the bitcoin chart right now  https://t.co/0CUPOAc2IO,,Twitter for Android,,False
1500494415504322570,43,YassineBettach,Yassine Bettach,,,,,2022-03-01 18:59:28+00:00,0,20,13,False,2022-03-06 15:32:01+00:00,"RT @BillySc39828865: @MegaBitcoinBTC 
1ï¸âƒ£ Buy #MegaBitcoin ğŸ’¸
2ï¸âƒ£ Hold #Megabitcoin ğŸ™Œ
3ï¸âƒ£ Receive #Bitcoin
4ï¸âƒ£ Sit back and relax ğŸ’º
5ï¸âƒ£ Repeâ€¦","['MegaBitcoin', 'Megabitcoin', 'Bitcoin']",Twitter for Android,,False
1500494414128590850,1,avogroovy,Groovy,block height,@stamfordiu & @websteru alum. #Bitcoin class of 2014. foot soldier @CRAspaces. Tweets en Spanglish.,,,2010-05-01 12:37:33+00:00,6742,208,3622,False,2022-03-06 15:32:00+00:00,"RT @avogroovy: â€œBitcoin and crypto have no intrinsic valueâ€. 

Well, go tell that to the small business owners in Alaba and Computer Villagâ€¦",,Twitter for iPhone,,False
1500494413193093121,1320,NewBoyArif,ğ€ğ‘ğˆğ…,India,"â˜ï¸ï¸ï¸ :- Æ’ÑÎ¹Ñ”Î·á´…Ñ• Ñ‚Ïƒ Ğ¼Ï…â„“Ñ‚Î¹Ïâ„“Ñƒ
â˜ï¸ï¸ï¸ :- Ñ”Î·Ñ”Ğ¼Î¹Ñ”Ñ• Ñ‚Ïƒ á´…Î¹Î½Î¹á´…Ñ”
â˜ï¸ï¸ï¸ :- á´Šá´Ês tá´ á´€dd á´€nd
â˜ï¸ï¸ï¸ :- Ñ•ÏƒÑÑÏƒÏ‰ Ñ‚Ïƒ Ñ•Ï…Ğ²Ñ‚ÑÎ±á´„Ñ‚
ğ’Š¹ï¸ï¸ï¸ğˆğ¬ğ­ ğ€ğ³ğšğšğ§ ğ‹ğ¢ğ¬ğ­ğğ§ ğğ§ 15 ğ€ğ©ğ«ğ¢ğ¥",,,2017-06-17 19:19:02+00:00,88,19,3631,False,2022-03-06 15:32:00+00:00,RT @MartyBent: BREAKING: Visa and Mastercard dig their own graves by politicizing their products and pushing people all over the world towaâ€¦,,Twitter for Android,,False
1500494410420793346,1204,NFTs_Zones,NFTs Zone,United States,"NFT & Crypto News, Opinions, Facts and Predictions! 
Stay Updated.
#Cryptos #NFTs #Eth
Join: https://t.co/0uyzOggvmv",,,2022-03-03 20:54:47+00:00,15,35,8,False,2022-03-06 15:31:59+00:00,"RT @saylor: â€œWhat is money?â€ is a question that economists have pondered for centuries, but the blocking of Russiaâ€™s central-bank reservesâ€¦",,Twitter Web App,,False
1500494410366267399,0,HamidAz40575290,Hamid Azizi,,Bring Me To The New Life Son,,,2021-04-18 09:55:30+00:00,41,155,1449,False,2022-03-06 15:31:59+00:00,"@TomBilmore Would you like to see crypto and the forex market on a platform?  
BlueSparrow  CEX offers you this exciting feature....
#ETH
#BlueSparrow
#BlueSparrowtoken
#BlueSparrowCommunity
#BestDrawToken
#Bluesparrowcharity
@BlueSparrowETH
#web3
#Bitcoin
@BluesparrowC
#BluesparrowCEXğŸ’¥69",,Twitter for Android,,False
1500494409871560704,0,CryptoJenny4,Crypto Jenny,"New Delhi, India","Market analysis & recaps, scalping leverage calls, binance altcoin signals follow & search on Telegram to get our channel @tradeosiann",,,2021-11-17 15:29:32+00:00,141,637,13,False,2022-03-06 15:31:59+00:00,"#Bitcoin #ETH LTF TA Update :-

$BTC currently trading at $39400

I am buying here in spot and Some in future.

Entry - $38800-$39400
Targets - $41800/$44600
Stop Loss - $38400

This Could be Bottom imo.

Follow @Tradeosiann to get more updates about #solana #NFT s","['Bitcoin', 'ETH']",Twitter for Android,,False
1500494408751460352,6384,Mahmoud95660340,Cassi,,"Seeking Knowledge Ancient Civilizations/History/Astronomy/Chemistry.Adaptable Compassionate.Indomitable.Autoimmune.Creative Writing 
N.T.born Australian NO DM",,,2021-05-25 00:42:26+00:00,18,38,7,False,2022-03-06 15:31:59+00:00,"RT @freecashcom: $1000 Giveaway

- Follow us
- Retweet
- Visit Freecash (Earn free #Bitcoin)

Rolling in 7 days",['Bitcoin'],Twitter Web App,,False
1500494407551926274,0,Orlayinkah,Winston adeyinka,Lagos,Easy going guy not for trouble but for peace and ready meet cool people.,,,2012-02-04 16:23:49+00:00,90,557,117,False,2022-03-06 15:31:59+00:00,"Hey I joined a network called SurveyJ and earned $27,197 today! You get paid for surveys and posting on social media. Sign up with my link for an instant $40 signup bonus! https://t.co/QzPpk8gjLs #SurveyJ #cashapp #bitcoin",,Twitter Web App,,False
1500494407400783873,0,ChakuLove1,crypto nanomi,,,,,2021-12-06 05:23:57+00:00,48,10,6,False,2022-03-06 15:31:59+00:00,"#Bitcoin #ETH LTF TA Update :-

$BTC currently trading at $39400

I am buying here in spot and Some in future.

Entry - $38800-$39400
Targets - $41800/$44600
Stop Loss - $38400

This Could be Bottom imo.

Follow @Tradeosiann to get more updates about #solana #NFT s","['Bitcoin', 'ETH']",Twitter for Android,,False
1500494407354757121,0,SaylorBot,Saylor Bot,,"This bot will tweet @MicroStrategy and @michael_saylor's Bitcoin investment's profit/loss every half hour. Creator: @hr1turaj

#Bitcoin",,,2021-08-18 05:11:37+00:00,88,3,5,False,2022-03-06 15:31:59+00:00,"Michael Saylor's Bitcoin Average: ~$30200

Profit/Loss: $1.0691 Bn(+28.308%)

Bitcoin Hodled: ~â‚¿125051

Total Investment: $3.7765 Bn

Learn from the Gigachad. Keep Stacking Sats.

#Bitcoin",,SaylorBot,,False
1500494407128260612,0,AmberTwemlow,Amber Twemlow ğŸŒˆğŸ˜‡ğŸ§œğŸ»â€â™€ï¸,"Point Clear, England",I am the Siren. Clacton/Tendring happenings. I tweet seaside weather and other interesting stuff. Not financial advice! Princessipality of Point Clear x,,,2019-02-19 00:29:07+00:00,4679,3344,146903,False,2022-03-06 15:31:59+00:00,"#Bitcoin #BTC current price (GBP): Â£29,311.50
Like my updates? you can tip me at bc1qt30uz0hl68ze77xu9u08e40a2tk44rrha6jm39","['Bitcoin', 'BTC']",Twemzy,,False
1500494406633209860,619,BrandonBoutin5,Brandon Boutin,,,,,2021-01-30 05:15:26+00:00,0,37,203,False,2022-03-06 15:31:59+00:00,"RT @RippleXrpie: SWIFT transaction speed: 3-7 days
#SWIFT transaction fees: $50+

Bitcoin transaction speed: 10min. - 1D
#Bitcoin transactiâ€¦","['SWIFT', 'Bitcoin']",Twitter for Android,,False
1500494406431830016,14,CryptoW3352,CryptoJk,,,,,2022-01-31 01:44:37+00:00,8,20,48,False,2022-03-06 15:31:58+00:00,"RT @BitSler: ğŸ‘©â€ğŸ¤#DOTA2 ğŸ‘©â€ğŸ¤ in 15 min
ğŸ† GAMERS GALAXY: Invitational Series Dubai 2022 ğŸ†

BET NOW â¡ï¸ https://t.co/mxsJSJoldA

1ï¸âƒ£ OG - Nigmaâ€¦",['DOTA2'],Twitter for Android,,False
1500494404095995907,38,Vignesh_rav,Vignesh Ravichandran,,"#Bitcoin & Photography
All about the ride.",,,2020-07-01 18:26:01+00:00,15,249,587,False,2022-03-06 15:31:58+00:00,RT @DocumentingBTC: What's a #bitcoin worth? A must-watch with @jackmallers https://t.co/wPaTQfwE6b,['bitcoin'],Twitter Web App,,False
1500494403642789890,0,daltonspatriots,Stephen L Dalton,"Pasig City, The Philippines","Freelance Writer, Sports Enthusiast, and all-around good guy to know! Founder and owner of The Write Results, LLC. https://t.co/vbBMUUdEXq",,,2014-03-14 06:42:35+00:00,1307,1503,2141,False,2022-03-06 15:31:58+00:00,How Does the KEEP Network Interact with Bitcoin &amp; Ethereum | by Stephen Dalton | DataDrivenInvestor - via @pensignal  https://t.co/Qn6HoihkCD #Crypto #cryptocurrency #cryptoinvesting #Fintech $keep #Keep #investing #blogging #Metaverse #ETH #tokens #writerslift #writingcommunity,,Penname,,False
1500494403051278336,0,CryptoKatharine,Crypto Katharine,United States,"Market analysis & recaps, scalping leverage calls, binance altcoin signals follow & search on Telegram to get our channel @tradeosiann",,,2021-10-28 05:47:55+00:00,18,80,6,False,2022-03-06 15:31:58+00:00,"#Bitcoin #ETH LTF TA Update :-

$BTC currently trading at $39400

I am buying here in spot and Some in future.

Entry - $38800-$39400
Targets - $41800/$44600
Stop Loss - $38400

This Could be Bottom imo.

Follow @Tradeosiann to get more updates about #solana #NFT p","['Bitcoin', 'ETH']",Twitter for Android,,False
1500494401499385858,329,Sharonnade13,Pricillia Sharon,"Surabaya, East Java",If opportunity doesn't knock. Build a door,,,2021-12-21 09:42:50+00:00,79,1450,1193,False,2022-03-06 15:31:57+00:00,"RT @MexcResearch: âœ¨Guess #Bitcoin price, GIVEAWAY total 50 $USDT ğŸ

âœ… Follow @MexcResearch, @MEXC_Fans &amp; @MEXC_Updates 
âœ… RT &amp; Like this poâ€¦",['Bitcoin'],Twitter for Android,,False
1500494397393477634,1,TonyHun30590600,Tony Hung,Viá»‡t Nam,Ä‘áº¹p trai,,,2022-02-12 02:27:45+00:00,230,822,7221,False,2022-03-06 15:31:56+00:00,"RT @Mahdirazavi2012: @bitgertPro @magiaconhongos #BitgertArmy ğŸ¥·ğŸ¼
.
â¡ Its A New Week, Are You Ready For More Exciting News About $BRISE? ğŸ”¥ğŸš€â€¦",['BitgertArmy'],Twitter for Android,,False
1500494396592214018,0,Rotharium,Rotharium,"Vienna, Austria",The first token from Austria listed on Bitcoin ATMs and used in international retail sector for payment! Developed by Crypto Future GmbH in 2017.. ğŸ’ğŸš€,,,2017-11-22 14:20:54+00:00,1564,140,598,False,2022-03-06 15:31:56+00:00,"STAY STRONG! ğŸ”¥ğŸ”¥ğŸ”¥

#RTH #rotharium #crypto #bitcoin https://t.co/Zh26zsoK9q","['RTH', 'rotharium', 'crypto', 'bitcoin']",Twitter for iPhone,"Place(_api=<tweepy.api.API object at 0x0000022F7E555760>, id='9f659d51e5c5deae', url='https://api.twitter.com/1.1/geo/id/9f659d51e5c5deae.json', place_type='city', name='Vienna', full_name='Vienna, Austria', country_code='AT', country='Austria', contained_within=[], bounding_box=BoundingBox(_api=<tweepy.api.API object at 0x0000022F7E555760>, type='Polygon', coordinates=[[[16.18218, 48.117666], [16.577511, 48.117666], [16.577511, 48.322574], [16.18218, 48.322574]]]), attributes={})",False
1500494394566529033,0,CryptoJenny4,Crypto Jenny,"New Delhi, India","Market analysis & recaps, scalping leverage calls, binance altcoin signals follow & search on Telegram to get our channel @tradeosiann",,,2021-11-17 15:29:32+00:00,141,637,13,False,2022-03-06 15:31:56+00:00,"#Bitcoin #ETH LTF TA Update :-

$BTC currently trading at $39400

I am buying here in spot and Some in future.

Entry - $38800-$39400
Targets - $41800/$44600
Stop Loss - $38400

This Could be Bottom imo.

Follow @Tradeosiann to get more updates about #solana #NFT a","['Bitcoin', 'ETH']",Twitter for Android,,False
1500494394314850305,0,ChakuLove1,crypto nanomi,,,,,2021-12-06 05:23:57+00:00,48,10,6,False,2022-03-06 15:31:56+00:00,"#Bitcoin #ETH LTF TA Update :-

$BTC currently trading at $39400

I am buying here in spot and Some in future.

Entry - $38800-$39400
Targets - $41800/$44600
Stop Loss - $38400

This Could be Bottom imo.

Follow @Tradeosiann to get more updates about #solana #NFT a","['Bitcoin', 'ETH']",Twitter for Android,,False
1500494393786380289,236,suka0703,sinbi,,ğŸ˜¶,,,2021-11-26 01:29:13+00:00,38,413,426,False,2022-03-06 15:31:55+00:00,"RT @BTCMonkeys: ğŸ”¥Bitcoin Monkeys $BANANA IDO!ğŸ”¥

Bitcoin Monkeys is excited to announce yet another first on @Stacks!

Save the date for theâ€¦",,Twitter Web App,,False
1500494392548724739,0,MekaBillionaire,Meka Billionaire NFT,Metaverse,"ğŸ¤– The Meka Billionaire community is a futuristic community. People with the same ambitions. We are 3770 robots. You want one? #btc
Discord: https://t.co/gN2TPgblPZ",,,2022-02-20 15:16:28+00:00,39,280,90,False,2022-03-06 15:31:55+00:00,"@LindasNft ğŸš€01/04/2022ğŸš€

ğŸ”¥ğŸ”¥ğŸ”¥DiscordğŸ‘€ğŸ”¥ğŸ”¥
https://t.co/Wfpak1cxW6

#art #nftart #cryptoart #nftartist #nftcollector #NFTCommunity #crypto #ethereum #blockchain #artist #bitcoin #opensea #cryptocurrency #nftcollectors #Discord #DiscordLeak #discordãƒã‚±ã‚« #DiscordBanOnIranians #NFTs https://t.co/lQXdDhHWOj","['art', 'nftart', 'cryptoart', 'nftartist', 'nftcollector']",Twitter for Android,,False
1500494390523015175,0,pump_cryptos,Pump ğŸš€ Cryptos ğŸ‘ Link in Profile,Crypto World,"#BTC #ETH #BNB
Coin pump announcement only on telegram.
channel: https://t.co/ABQJGalNM3 & group: https://t.co/lynnFVuYB4",,,2009-09-30 12:25:08+00:00,994,17,16,False,2022-03-06 15:31:55+00:00,We pump crypto coins to 500%+ join us rather than being the part of dump. announcement will be done on telegram. link in desc  #bitcoin #BNBcoin #etherium #BNBcoin,,Members Area,,False
1500494388568334336,46,thorchain888,Mr H,,Buy $Rune,,,2021-10-09 01:46:56+00:00,41,135,3173,False,2022-03-06 15:31:54+00:00,"RT @paraschopra: Now that Visa, MasterCard, PayPal and SWIFT is banned in Russia, Bitcoinâ€™s value is obvious

Bitcoin is a hedge against auâ€¦",,Twitter for iPhone,,False
1500494388253835272,46,tarcaupono,Tarcauâ­•ğŸ§âš”â™ ï¸,,"Nice guy, with few words to say. Herotag @bizon",,,2021-08-28 11:51:23+00:00,634,5001,8190,False,2022-03-06 15:31:54+00:00,"RT @Jimakos13: $Theta is one of the best #metaverse tokens right now!

Get a taste from the future of #Theta!

(Yes on the right corner ofâ€¦","['metaverse', 'Theta']",Twitter for Android,,False
1500494387188764673,869,Masput33,CANDRA,,,,,2021-03-10 09:17:35+00:00,5,555,49,False,2022-03-06 15:31:54+00:00,"RT @ICOAnnouncement: ğŸ™ New Project

ğŸ”· Mortal Wars (MWT)

ğŸ”¶ Mortal Wars is a decentralized P2E game platform based on the Binance Smart Chaiâ€¦",,Twitter for Android,,False
1500494384881709067,273,GMejia10,GM10,,,,,2012-03-15 15:44:38+00:00,106,1030,11052,False,2022-03-06 15:31:53+00:00,"RT @patrickbetdavid: Buy and hold this currency.

Itâ€™s 10 times more valuable than Bitcoin.

Tell everyone if you own a ton of it. https://â€¦",,Twitter for iPhone,,False
1500494383233208323,0,Daminmoon1,DamiÃ¡n moon,,Chusma Chusma,,,2019-05-30 00:03:40+00:00,6,49,95,False,2022-03-06 15:31:53+00:00,"This amazing faucet from @_bitcoiner is making me tweet this to claim my free Lightning sats. âš¡

@boltcoiner unlock me 34425f54-99db-4546-8196-07f0021391d0

#Bitcoin #BTC #LN #LightningNetwork #boltcoiner
https://t.co/ruiEueR30F",,Twitter for Android,,False
1500494383199789056,1429,CryptoRototo,Rototo,"Hammanskraal, South Africa",TTsEnEY7yLbuZZ5XhSCdbpTFdK7hALoWNZ,,,2016-09-17 12:56:41+00:00,326,2306,1292,False,2022-03-06 15:31:53+00:00,"RT @dio_ianakiara: I like to play the long term game. So, I will give away 10,000,000 $KLV to 1,000 random followers when I reach 1M followâ€¦",,Twitter for Android,,False
1500494381933117443,0,HamidAz40575290,Hamid Azizi,,Bring Me To The New Life Son,,,2021-04-18 09:55:30+00:00,41,155,1449,False,2022-03-06 15:31:53+00:00,"@TomBilmore Would you like to see crypto and the forex market on a platform?  
BlueSparrow  CEX offers you this exciting feature....
#ETH
#BlueSparrow
#BlueSparrowtoken
#BlueSparrowCommunity
#BestDrawToken
#Bluesparrowcharity
@BlueSparrowETH
#web3
#Bitcoin
@BluesparrowC
#BluesparrowCEXğŸ’¥68",,Twitter for Android,,False
1500494380586582016,37,bilaljamie1,Bilal Jamie,"Los Angeles, CA ",Binary Options Expert and Crypto Analyst Launch Strategist and Passive Income Account Manager.Crypto currency the Future of finance. #BitcoinğŸš€,,,2021-09-11 14:02:22+00:00,449,30,52245,False,2022-03-06 15:31:52+00:00,RT @ODELL: Bitcoin is a lifeboat. There is safety in sats. https://t.co/tfXMIAA8iv,,Twitter for Android,,False
1500494379651198979,0,risingdragons7,Rising Dragons,,,,,2014-12-22 08:54:43+00:00,45,92,582,False,2022-03-06 15:31:52+00:00,"I am claiming my free Lightning sats from @_bitcoiner's amazing faucet! âš¡

@boltcoiner unlock me c8429fd8-0114-4818-8d2e-febf1528c17b

#Bitcoin #BTC #LN #LightningNetwork #boltcoiner
https://t.co/KvMuumXZZu",,Twitter for Android,,False
1500494379215388674,0,CryptoJenny4,Crypto Jenny,"New Delhi, India","Market analysis & recaps, scalping leverage calls, binance altcoin signals follow & search on Telegram to get our channel @tradeosiann",,,2021-11-17 15:29:32+00:00,141,637,13,False,2022-03-06 15:31:52+00:00,"#Bitcoin #ETH LTF TA Update :-

$BTC currently trading at $39400

I am buying here in spot and Some in future.

Entry - $38800-$39400
Targets - $41800/$44600
Stop Loss - $38400

This Could be Bottom imo.

Follow @Tradeosiann to get more updates about #solana #NFT p","['Bitcoin', 'ETH']",Twitter for Android,,False
1500494378934099974,0,MohamadGh455,Ú©Ø§Ù†Ø§Ù„ Ø§Ø±Ø²Ù‡Ø§ÛŒ Ø¯ÛŒØ¬ÛŒØªØ§Ù„ A,,â€â€â€â€â€Ú©Ø§Ù†Ø§Ù„ Ø§ÛŒØ±Ø¯Ø±Ø§Ù¾Ù‡Ø§ÛŒ Ù…Ø¹ØªØ¨Ø± â¬…ï¸https://t.co/PRYlm9OTF0â€â€â€â€â€,,,2021-05-05 21:44:29+00:00,161,1979,2916,False,2022-03-06 15:31:52+00:00,"@AirdropDet I am very happy to be participating in this project. I hope this project will gain more popularity in the future, ğŸš€ğŸš€ğŸš€ Good luck.

@dimariabente
@dreza603
@jahan1111365

#Airdrops #FQSWAP #Bitcoin #AirdropDetective #FQS #Crypto #Blockchain",,Twitter for Android,,False
1500494378925629440,0,CryptoKatharine,Crypto Katharine,United States,"Market analysis & recaps, scalping leverage calls, binance altcoin signals follow & search on Telegram to get our channel @tradeosiann",,,2021-10-28 05:47:55+00:00,18,80,6,False,2022-03-06 15:31:52+00:00,"#Bitcoin #ETH LTF TA Update :-

$BTC currently trading at $39400

I am buying here in spot and Some in future.

Entry - $38800-$39400
Targets - $41800/$44600
Stop Loss - $38400

This Could be Bottom imo.

Follow @Tradeosiann to get more updates about #solana #NFT i","['Bitcoin', 'ETH']",Twitter for Android,,False
1500494378330365953,0,ChakuLove1,crypto nanomi,,,,,2021-12-06 05:23:57+00:00,48,10,6,False,2022-03-06 15:31:52+00:00,"#Bitcoin #ETH LTF TA Update :-

$BTC currently trading at $39400

I am buying here in spot and Some in future.

Entry - $38800-$39400
Targets - $41800/$44600
Stop Loss - $38400

This Could be Bottom imo.

Follow @Tradeosiann to get more updates about #solana #NFT p","['Bitcoin', 'ETH']",Twitter for Android,,False
1500494378002911232,3,erAyushSrivasta,Er. Ayush Srivastav,"Roorkee, India",Mechanical Engineer,,,2017-09-13 19:47:57+00:00,26,311,1360,False,2022-03-06 15:31:52+00:00,"RT @BitSler: ğŸ‘©â€ğŸ¤#DOTA2 in few hours

Don't miss The  ğŸ† GAMERS GALAXY Grand Final ğŸ†
 
Get up to 100USD back if your team wins the first mapâ€¦",['DOTA2'],Twitter for Android,,False
1500494375553572871,6384,AhmdSltwh,MarieMarie,,,,,2021-12-05 22:22:47+00:00,0,46,0,False,2022-03-06 15:31:51+00:00,"RT @freecashcom: $1000 Giveaway

- Follow us
- Retweet
- Visit Freecash (Earn free #Bitcoin)

Rolling in 7 days",['Bitcoin'],Twitter Web App,,False
1500494375251755010,3,Murazik4,Murazik,,,,,2021-08-02 11:04:42+00:00,18,163,6,False,2022-03-06 15:31:51+00:00,"RT @JasonYanowitz: Bitcoin dominance at historical lows.

My gut says dominance returns above 50% this year as Bitcoin plays an increasinglâ€¦",,Twitter Web App,,False
1500494374379171841,0,PreacherBTC,PreacherBTC,,"#bitcoin


Bitcoin is for everyone. 







Meditation and an open mind.",,,2019-01-08 23:19:58+00:00,852,1174,138979,False,2022-03-06 15:31:51+00:00,"@PhilMac79659883 @selfbankt @MartyBent Lived not far from Hal Finney, name is Dorian Nakamoto. Media went to his door asking about Bitcoin, he didn't speak much english. Typical A grade reporting, the nitwits plastered his picture everywhere saying this was Satoshi. It wasn't obviously, but his image lives on.",,Twitter for Android,,False
1500494373892784131,43,NITESHJAITWAR2,à¤¨à¤¿à¤¤à¥‡à¤¶ à¤œà¥ˆà¤¤à¤µà¤¾à¤° ğŸ‡®ğŸ‡³,"Madhya Pradesh, India",à¤œà¤¿à¤²à¤¾-à¤¸à¤¿à¤µà¤¨à¥€ (à¤®.à¤ªà¥à¤°.)  #à¤œà¤¯à¤¹à¤¿à¤¨à¥à¤¦ ğŸ‡®ğŸ‡³,,,2020-08-06 14:39:15+00:00,126,2330,5401,False,2022-03-06 15:31:51+00:00,"RT @WatcherGuru: JUST IN: ğŸ‡²ğŸ‡¾ Malaysiaâ€™s illegal #Bitcoin miners stole electricity worth $550 million, according to the countryâ€™s government.",['Bitcoin'],Twitter for Android,,False
1500494371124297731,37,ninja_easy,E ninja,Washington DC,Designer  Developer Engineer Explorer Investor Artist -- Agile cat  -- WalkAway,,,2012-04-16 23:34:19+00:00,625,2466,153973,False,2022-03-06 15:31:50+00:00,RT @ODELL: Bitcoin is a lifeboat. There is safety in sats. https://t.co/tfXMIAA8iv,,Twitter Web App,,False
1500494367445954567,372,ItsJackAnton,ItsJackAnton ğŸ”º,,ğŸ‡»ğŸ‡ª | Love to code on the Blockchain ğŸ¤ l Unity Game Dev ğŸ•¹ Letâ€™s vibeğŸ˜œ,,,2019-04-01 18:43:01+00:00,94,244,2163,False,2022-03-06 15:31:49+00:00,RT @BitcoinMagazine: Wrong then. Wrong today. #Bitcoin https://t.co/lg4wVF79u9,['Bitcoin'],Twitter for iPhone,,False
1500494367408099329,180,NewBoyArif,ğ€ğ‘ğˆğ…,India,"â˜ï¸ï¸ï¸ :- Æ’ÑÎ¹Ñ”Î·á´…Ñ• Ñ‚Ïƒ Ğ¼Ï…â„“Ñ‚Î¹Ïâ„“Ñƒ
â˜ï¸ï¸ï¸ :- Ñ”Î·Ñ”Ğ¼Î¹Ñ”Ñ• Ñ‚Ïƒ á´…Î¹Î½Î¹á´…Ñ”
â˜ï¸ï¸ï¸ :- á´Šá´Ês tá´ á´€dd á´€nd
â˜ï¸ï¸ï¸ :- Ñ•ÏƒÑÑÏƒÏ‰ Ñ‚Ïƒ Ñ•Ï…Ğ²Ñ‚ÑÎ±á´„Ñ‚
ğ’Š¹ï¸ï¸ï¸ğˆğ¬ğ­ ğ€ğ³ğšğšğ§ ğ‹ğ¢ğ¬ğ­ğğ§ ğğ§ 15 ğ€ğ©ğ«ğ¢ğ¥",,,2017-06-17 19:19:02+00:00,88,19,3631,False,2022-03-06 15:31:49+00:00,"RT @nirajhodler: Indian #Crypto community should come together, especially indian exchanges. 

This 30% tax &amp; 1% TDS are going to hurt theâ€¦",['Crypto'],Twitter for Android,,False
1500494367127003142,0,BestCry28913188,Best Crypto,,,,,2022-02-10 08:23:18+00:00,10,2,1,False,2022-03-06 15:31:49+00:00,"#Bitcoin #USDT LTF TA Update :-

$BTC currently trading at $39400

I am buying here in spot and Some in future.

Entry - $38800-$39400
Targets - $41800/$44600
Stop Loss - $38400

This Could be Bottom imo.

Follow @Tradeosiann to get more updates about $BTC #NFT ğŸŠ","['Bitcoin', 'USDT']",Twitter for Android,,False
1500494366653423619,6384,jakajonturbo1,jakajonturbo,,,,,2021-10-25 10:44:22+00:00,10,33,141,False,2022-03-06 15:31:49+00:00,"RT @freecashcom: $1000 Giveaway

- Follow us
- Retweet
- Visit Freecash (Earn free #Bitcoin)

Rolling in 7 days",['Bitcoin'],Twitter for Android,,False
1500494365818785794,0,ChakuLove1,crypto nanomi,,,,,2021-12-06 05:23:57+00:00,48,10,6,False,2022-03-06 15:31:49+00:00,"#Bitcoin #ETH LTF TA Update :-

$BTC currently trading at $39400

I am buying here in spot and Some in future.

Entry - $38800-$39400
Targets - $41800/$44600
Stop Loss - $38400

This Could be Bottom imo.

Follow @Tradeosiann to get more updates about #solana #NFT o","['Bitcoin', 'ETH']",Twitter for Android,,False
1500494365189603337,6384,Daniel_ckung,TUAN THAKUR,,lindungi kami ya Allah,,,2019-10-02 11:22:35+00:00,114,135,6043,False,2022-03-06 15:31:49+00:00,"RT @freecashcom: $1000 Giveaway

- Follow us
- Retweet
- Visit Freecash (Earn free #Bitcoin)

Rolling in 7 days",['Bitcoin'],Twitter for Android,,False
1500494364648558593,0,CryptoJenny4,Crypto Jenny,"New Delhi, India","Market analysis & recaps, scalping leverage calls, binance altcoin signals follow & search on Telegram to get our channel @tradeosiann",,,2021-11-17 15:29:32+00:00,141,637,13,False,2022-03-06 15:31:49+00:00,"#Bitcoin #ETH LTF TA Update :-

$BTC currently trading at $39400

I am buying here in spot and Some in future.

Entry - $38800-$39400
Targets - $41800/$44600
Stop Loss - $38400

This Could be Bottom imo.

Follow @Tradeosiann to get more updates about #solana #NFT o","['Bitcoin', 'ETH']",Twitter for Android,,False
1500494363318792198,273,SteveElliot125,Champsteve,New Jersey,Good time to be alive | Everyday is a good day | @TypicalTigerNFT,,,2012-02-11 18:44:35+00:00,314,507,4541,False,2022-03-06 15:31:48+00:00,"RT @patrickbetdavid: Buy and hold this currency.

Itâ€™s 10 times more valuable than Bitcoin.

Tell everyone if you own a ton of it. https://â€¦",,Twitter for iPhone,,False
1500494361276334089,2437,plutharkos,Ä…áƒ§Ê‘Ä…,,,,,2014-12-14 15:46:16+00:00,310,114,3022,False,2022-03-06 15:31:48+00:00,"RT @CarfuelFinance: Carfuel app will make your life easier than ever before!  Buying gas, energy or fuel has never been more profitable! Joâ€¦",,Twitter for Android,,False
1500494358268682241,194,Patricia272381,patricia Follow4follow ğŸ’¯ follow back,United Kingdom,"I love crypto currency.The latest buzz on everything, #CHZUSDTPERP #The_coin_is #ONG #Bitcoin. Market news $BTC $XMR $ZEC $FIRO $XHV DM for inquirise.",,,2021-08-09 05:11:43+00:00,473,1083,1078,False,2022-03-06 15:31:47+00:00,"RT @BitcoinFear: Bitcoin Fear and Greed Index is 22 ~ Extreme Fear
Current price: $38,217 https://t.co/UWY5dWq8Tw",,Twitter Web App,,False
1500494354867056640,0,Tigersquirrel3,Tiger squirrel,Above you,I hunt meat.,,,2021-08-19 03:32:13+00:00,21,365,2717,False,2022-03-06 15:31:46+00:00,@UnThink001 @KeithMcCullough Can you use Bitcoin without electricity?,,Twitter for iPad,,False
1500494353516535814,0,CryptoKatharine,Crypto Katharine,United States,"Market analysis & recaps, scalping leverage calls, binance altcoin signals follow & search on Telegram to get our channel @tradeosiann",,,2021-10-28 05:47:55+00:00,18,80,6,False,2022-03-06 15:31:46+00:00,"#Bitcoin #ETH LTF TA Update :-

$BTC currently trading at $39400

I am buying here in spot and Some in future.

Entry - $38800-$39400
Targets - $41800/$44600
Stop Loss - $38400

This Could be Bottom imo.

Follow @Tradeosiann to get more updates about #solana #NFT u","['Bitcoin', 'ETH']",Twitter for Android,,False
1500494353302654976,339,rhinottjj,rhino,United States,,,,2022-01-10 19:21:35+00:00,10,92,664,False,2022-03-06 15:31:46+00:00,RT @BitcoinSapiens: â€œ#Bitcoin wonâ€™t be adopted like the iPhone because itâ€™s cool. #Bitcoin will be adopted like gunpowder: if you donâ€™t ownâ€¦,"['Bitcoin', 'Bitcoin']",Twitter for iPhone,,False
1500494353051041798,6,SiouxCityCrypto,Sioux City Crypto,"Iowa, USA","#FFTB #CROFAM #LoadedLions
â™¡ADVOCATING GLOBAL #FREEDOM & #EQUALITY THROUGH #CRYPTOCURRENCY & #BLOCKCHAIN #TECHNOLOGYâ™¡
#DYOR & treat it like a #Business ğŸ’ªğŸ§ ",,,2021-02-28 15:42:59+00:00,1185,2997,9368,False,2022-03-06 15:31:46+00:00,"RT @MessariCrypto: 1/ @CoinSharesCo estimated the carbon emission of Bitcoin mining for 2021 to be 41 metric tons (Mt) of CO2.

Other indusâ€¦",,Twitter for Android,,False
1500494352212107268,3,CryptoW3352,CryptoJk,,,,,2022-01-31 01:44:37+00:00,8,20,49,False,2022-03-06 15:31:46+00:00,"RT @BitSler: ğŸ‘©â€ğŸ¤#DOTA2 in few hours

Don't miss The  ğŸ† GAMERS GALAXY Grand Final ğŸ†
 
Get up to 100USD back if your team wins the first mapâ€¦",['DOTA2'],Twitter for Android,,False
1500494349725241344,0,CryptoJenny4,Crypto Jenny,"New Delhi, India","Market analysis & recaps, scalping leverage calls, binance altcoin signals follow & search on Telegram to get our channel @tradeosiann",,,2021-11-17 15:29:32+00:00,141,637,13,False,2022-03-06 15:31:45+00:00,"#Bitcoin #ETH LTF TA Update :-

$BTC currently trading at $39400

I am buying here in spot and Some in future.

Entry - $38800-$39400
Targets - $41800/$44600
Stop Loss - $38400

This Could be Bottom imo.

Follow @Tradeosiann to get more updates about #solana #NFT i","['Bitcoin', 'ETH']",Twitter for Android,,False
1500494348915556352,894,BlueByteBerry,Robitcoin,,#Bitcoin and #Crypto,,,2017-11-02 16:19:31+00:00,171,776,13978,False,2022-03-06 15:31:45+00:00,RT @BarrySilbert: Governments around the world have unintentionally created the perfect environment for bitcoin to proliferate and thrive.â€¦,,Twitter Web App,,False
1500494348760522754,0,ChakuLove1,crypto nanomi,,,,,2021-12-06 05:23:57+00:00,48,10,6,False,2022-03-06 15:31:45+00:00,"#Bitcoin #ETH LTF TA Update :-

$BTC currently trading at $39400

I am buying here in spot and Some in future.

Entry - $38800-$39400
Targets - $41800/$44600
Stop Loss - $38400

This Could be Bottom imo.

Follow @Tradeosiann to get more updates about #solana #NFT i","['Bitcoin', 'ETH']",Twitter for Android,,False
1500494348651315207,34,MooningSheep,Mooning SheepğŸ‘ğŸŒ”| NFT Promoter ğŸŒŒ,ğŸš€ğŸŒ”,Offering cheap Promos DM for info #NFTGiveaways ğŸš€ | #Solana #bnb #ETH | 100 % Organic EngagementğŸ†no botsğŸ“ˆ follow + turn onğŸ””to never miss a giveaway,,,2022-01-09 19:27:17+00:00,7261,17,56,False,2022-03-06 15:31:45+00:00,"RT @yachtclub_NFT: ğŸ’#NFTGiveawayğŸ’

These 3D animals just entered the metaverse, if you're seeing this you're still earlyâ°

ğŸ†5x WL ğŸ—’

âœ…To enâ€¦",['NFTGiveaway'],Twitter for iPhone,,False
1500494348269543424,0,HodlingBitcoin,Maxbit.cc ğŸ¥,Homeless,"#Bitcoin
3PH21jcXLmLSvQbhqkhJ1JsSjtk5HEc4GF
ğŸ“¨ qz3avdht@duck.com",,,2018-01-08 19:36:15+00:00,773,590,962,False,2022-03-06 15:31:45+00:00,VeChain DEFI Is BOOMING! More Bitcoin Adoption Is GREAT ForÂ VeChain https://t.co/1IeR6YbbrP,,WordPress.com,,False
1500494347967639555,0,AleksChergeiko,AleksandrğŸ”¸,Ğ‘ĞµĞ»Ğ°Ñ€ÑƒÑÑŒ,,,,2017-03-20 20:11:34+00:00,45,254,974,False,2022-03-06 15:31:45+00:00,"YoBit AirDrop: Earn up to 4700 Fast Dollars daily: https://t.co/QB9ummjpzk
#yobit #binance #bitcoin","['yobit', 'binance', 'bitcoin']",Twitter Web App,,False
1500494347585867776,372,Laura34313812,Laura,Germany,"If you don't change what you do, then you can't change what you get",,,2009-10-10 17:34:03+00:00,1165,14,103,False,2022-03-06 15:31:44+00:00,RT @BitcoinMagazine: Wrong then. Wrong today. #Bitcoin https://t.co/lg4wVF79u9,['Bitcoin'],Twitter Web App,,False
1500494344037490695,14,TN_DGB_REP,Chief Hindsight Analyst â€œPresidentâ€,,"#DigiByte is the longest, fastest, and most secure PoW UTXO blockchain in existence. This is the Tennessee DigiByte Representation!",,,2018-02-25 05:15:32+00:00,948,602,45642,False,2022-03-06 15:31:44+00:00,RT @Byteoshi: You are beginning to realise that #Bitcoin #Litecoin and #DigiByte are your only safe bets for the future.,"['Bitcoin', 'Litecoin', 'DigiByte']",Twitter for iPhone,,False
1500494343727362048,0,MdShafi12774499,Md Shafiqul Alam,"Chittagong, Bangladesh ",,,,2021-09-22 16:43:37+00:00,393,720,188,False,2022-03-06 15:31:44+00:00,make #cryptocurrency #litecoin #bitcoin with @jobboycom,"['cryptocurrency', 'litecoin', 'bitcoin']",Twitter for Android,,False
1500494340397109250,1455,Ahyar_Malika,ZudZimZi_Nah_iM,"Lampung, Indonesia",Life's good,,,2010-09-22 15:22:03+00:00,367,4978,8211,False,2022-03-06 15:31:43+00:00,RT @saylor: #Bitcoin finds a way.,['Bitcoin'],Twitter for Android,,False
1500494336076959746,0,CryptoJenny4,Crypto Jenny,"New Delhi, India","Market analysis & recaps, scalping leverage calls, binance altcoin signals follow & search on Telegram to get our channel @tradeosiann",,,2021-11-17 15:29:32+00:00,141,637,13,False,2022-03-06 15:31:42+00:00,"#Bitcoin #ETH LTF TA Update :-

$BTC currently trading at $39400

I am buying here in spot and Some in future.

Entry - $38800-$39400
Targets - $41800/$44600
Stop Loss - $38400

This Could be Bottom imo.

Follow @Tradeosiann to get more updates about #solana #NFT u","['Bitcoin', 'ETH']",Twitter for Android,,False
1500494335141421056,748,Laura34313812,Laura,Germany,"If you don't change what you do, then you can't change what you get",,,2009-10-10 17:34:03+00:00,1165,14,103,False,2022-03-06 15:31:41+00:00,"RT @BTC_Archive: HODL your ground! ğŸ’ª 
#Bitcoin

 https://t.co/XUnxk3keiI",['Bitcoin'],Twitter Web App,,False
1500494333954379780,6,mehrara_hosein,Hosein Mehrara,,#BlueSparrow,,,2022-01-16 13:28:51+00:00,230,333,2113,False,2022-03-06 15:31:41+00:00,"RT @Afshinmoradi701: #BlueSparrow is a bridge between the stock market and crypto .. You will have both in the Blue Sparrow CEX
@BlueSparroâ€¦",['BlueSparrow'],Twitter for Android,,False
1500494333526560769,1,MarketChartsApp,MarketCharts,TradingView,"The only retail technical analysis curator on the web for crypto, forex and stocks ğŸ“ˆ. Try our website for thousands of daily charts every day ğŸŒ",,,2020-09-03 16:11:57+00:00,2023,105,90,False,2022-03-06 15:31:41+00:00,"#BTCUSDT - New Technical Analysis 

Chart on TradingView https://t.co/ecR28JQAUJ $BTC $ETH #Bitcoin #CryptoCurrency #Trading #TechnicalAnalysis https://t.co/zEoSNYtUBu","['BTCUSDT', 'Bitcoin', 'CryptoCurrency']",MarketChartsApp,,False
1500494332960423940,0,ethereumb0t,ethereumbot.eth,,"#Ethereum, #Defi, #Cryptocurrency, #Cryptography, #Blockchain, #Trading, #Markets, #Finance",,,2015-07-23 07:57:02+00:00,19432,13,0,False,2022-03-06 15:31:41+00:00,"Them: Hahahah. i just stole your NFT with a screenshot.

Me: Hahahah. i just screenshotted your wallet, and now i own your bitcoin.

Them: lol wut. no one will giving you anything for a screenshot of my bitcoin.

Me: correct.",,ethereumb0t,,False
1500494332130136066,0,ChakuLove1,crypto nanomi,,,,,2021-12-06 05:23:57+00:00,48,10,6,False,2022-03-06 15:31:41+00:00,"#Bitcoin #ETH LTF TA Update :-

$BTC currently trading at $39400

I am buying here in spot and Some in future.

Entry - $38800-$39400
Targets - $41800/$44600
Stop Loss - $38400

This Could be Bottom imo.

Follow @Tradeosiann to get more updates about #solana #NFT u","['Bitcoin', 'ETH']",Twitter for Android,,False
1500494331395772417,179,ValerieOudin1,valeriee.eth,,Crypto and candles. Bought my first bag of Bitcoin in 2017 and went heavy into crypto late 2020 ğŸš€,,,2021-03-25 23:35:57+00:00,36,134,524,False,2022-03-06 15:31:41+00:00,"RT @paoloardoino: This is the golden asteroid. There is so much gold that if we could get it (and maybe in 100 years we will), gold will beâ€¦",,Twitter for iPhone,,False
1500494327310655491,685,PpcSherpa,PPC SHERPA,,"Nacido en un momento difÃ­cil y siempre dispuesto a servir al prÃ³jimo, no me complicÃ³ la vida, Dios guÃ­a mis pasos, no tengo de que preocuparme, soy fiel a Ã©l.",,,2022-03-06 04:12:07+00:00,13,13,11,False,2022-03-06 15:31:40+00:00,"RT @nayibbukele: Hey @romanmartinezc, we just installed the @chivowallet ATM you asked for @Bitcoinbeach ğŸ¥³ğŸ„ğŸ»â€â™‚ï¸

Now, users will not have tâ€¦",,Twitter for Android,,False
1500494326329053187,405,rmysf7,ğŸ£,,,,,2012-04-08 05:39:44+00:00,379,5000,17640,False,2022-03-06 15:31:39+00:00,"RT @WatcherGuru: JUST IN: The number of addresses holding at least 1,000 #Bitcoin is 2,261, itâ€™s highest level in 11 months.",['Bitcoin'],Twitter for Android,,False
1500494326102593537,1,CryptoKatharine,Crypto Katharine,United States,"Market analysis & recaps, scalping leverage calls, binance altcoin signals follow & search on Telegram to get our channel @tradeosiann",,,2021-10-28 05:47:55+00:00,18,80,6,False,2022-03-06 15:31:39+00:00,"#Bitcoin #ETH LTF TA Update :-

$BTC currently trading at $39400

I am buying here in spot and Some in future.

Entry - $38800-$39400
Targets - $41800/$44600
Stop Loss - $38400

This Could be Bottom imo.

Follow @Tradeosiann to get more updates about #solana #NFT y","['Bitcoin', 'ETH']",Twitter for Android,,False
1500494326035582976,0,HamidAz40575290,Hamid Azizi,,Bring Me To The New Life Son,,,2021-04-18 09:55:30+00:00,41,155,1449,False,2022-03-06 15:31:39+00:00,"@TomBilmore Would you like to see crypto and the forex market on a platform?  
BlueSparrow  CEX offers you this exciting feature....
#ETH
#BlueSparrow
#BlueSparrowtoken
#BlueSparrowCommunity
#BestDrawToken
#Bluesparrowcharity
@BlueSparrowETH
#web3
#Bitcoin
@BluesparrowC
#BluesparrowCEXğŸ’¥67",,Twitter for Android,,False
1500494321753198597,894,Vertical4Space,Vertical Space,Inner Space,"Real news, research and information at https://t.co/qriMOr2jYS
Earn money posting on twitter https://t.co/QXD2C8UznI
Start your own modern blog website with https://t.co/VQhjTBNUUz",,,2020-12-03 17:41:19+00:00,22,0,497,False,2022-03-06 15:31:38+00:00,RT @BarrySilbert: Governments around the world have unintentionally created the perfect environment for bitcoin to proliferate and thrive.â€¦,,Twitter Web App,,False
1500494320641933312,0,CryptoJenny4,Crypto Jenny,"New Delhi, India","Market analysis & recaps, scalping leverage calls, binance altcoin signals follow & search on Telegram to get our channel @tradeosiann",,,2021-11-17 15:29:32+00:00,141,637,13,False,2022-03-06 15:31:38+00:00,"#Bitcoin #ETH LTF TA Update :-

$BTC currently trading at $39400

I am buying here in spot and Some in future.

Entry - $38800-$39400
Targets - $41800/$44600
Stop Loss - $38400

This Could be Bottom imo.

Follow @Tradeosiann to get more updates about #solana #NFT y","['Bitcoin', 'ETH']",Twitter for Android,,False
1500494320205545472,0,EvanWills13,Evan Wills,,Redbubble Artist & Pixilated NFT Seller,,,2021-02-24 10:25:30+00:00,35,26,998,False,2022-03-06 15:31:38+00:00,Check out this item on OpenSea https://t.co/A5JS3EYh4P via @opensea #NFTGiveaway #NFTs #art #Bitcoin #ETH,"['NFTGiveaway', 'NFTs', 'art', 'Bitcoin', 'ETH']",Twitter Web App,,False
1500494319014273037,2,trackingcryptos,Crypto Galaxy,Outerspace,"Focused on #crypto gains through trading, farming and staking....#dyor, not investment advice, opinions only,  #shitposting #NFTs",,,2018-03-04 19:26:09+00:00,3966,3876,80302,False,2022-03-06 15:31:38+00:00,RT @ThinkingCrypto1: #Bitcoin seems to be moving the same way it did in the correction last summer ğŸ¤” https://t.co/S5lE8ldABn,['Bitcoin'],Twitter Web App,,False
