user_id,user_screen_name,user_name,user_ location,user_description,Geo: ,coordinates,user_created,user_followers,user_friends,user_favourites,user_verified,date,text,hashtags,source,place,is_retweet
1500083426111946755,Sahdevbhaivela1,Sahdevbhaivelabhaipatel Sahdevbhaivelabhaipstel,,,,,2022-02-25 02:50:22+00:00,8,6,210,False,2022-03-05 12:18:53+00:00,"RT @Minal_Pande: Shocked!to know about the passing away of great Aus cricketer,Bye for ever,He literally inspired generations with his magiâ€¦",,Twitter for Android,,False
1500083426031849473,tigpies3,Tigers05,From NSW  on loan to Vic ,"Wests Tigers, Melbourne City, Sydney Swans Sydney 6ers",,,2014-12-06 08:03:17+00:00,219,91,8256,False,2022-03-05 12:18:53+00:00,"Well the day is almost done,,, I was hoping I had misheard or it was a dream, unfortunately it seems to be true,,, the great shame warne is gone RIP #ShaneWarne https://t.co/iUtbVatCFO",,Twitter for iPhone,,False
1500083425453166595,TilluSalman,STillu,United Kingdom,,,,2016-10-31 01:14:52+00:00,63,1159,21407,False,2022-03-05 12:18:53+00:00,"RT @CricksLab: Rest in peace, one and only Shane Warne!

#CricksLab #CricketTwitter #PAKvsAUS #ShaneWarne #Shane #Australia https://t.co/N1â€¦","['CricksLab', 'CricketTwitter', 'PAKvsAUS', 'ShaneWarne', 'Shane', 'Australia']",Twitter for iPhone,,False
1500083424803307522,Osman_malik5,Malik Usman,cacotopia,In search of Jinnah's Pakistan,,,2018-06-06 12:50:30+00:00,404,391,38579,False,2022-03-05 12:18:53+00:00,"RT @CricksLab: Rest in peace, one and only Shane Warne!

#CricksLab #CricketTwitter #PAKvsAUS #ShaneWarne #Shane #Australia https://t.co/N1â€¦",,Twitter for Android,,False
1500083407111569410,Stu_Court,Stuart Court,Coventry,A Moth flies into a Pediatrist's office...,,,2010-01-11 01:33:26+00:00,1000,2149,57114,False,2022-03-05 12:18:49+00:00,"RT @FoxCricket: 'He was magic' ğŸŒŸ

Isa Guha delivers an emotional few words on Warnie ğŸ˜¢

ğŸ“º Watch the #ShaneWarne tribute on @Foxtel CH501 orâ€¦",['ShaneWarne'],Twitter for Android,,False
1500083406893289474,ManishK65275644,Manish Kumar Gupta,"Uttar Pradesh, India",B. tech Civil Engineering...BTC...TET .......ğŸš¶....... ğŸ‘£,,,2020-05-20 07:05:16+00:00,288,625,33371,False,2022-03-05 12:18:49+00:00,RT @isaguha: Heartbroken ğŸ’” the best times of my life have been talking cricket with this bloke. The true rockstar of cricket. Will miss youâ€¦,,Twitter for Android,,False
1500083404800348161,airani_13111978,Armin Irani,,Female,,,2014-08-19 13:46:57+00:00,396,1011,65623,False,2022-03-05 12:18:48+00:00,"RT @TheQuint: Players from across the world shared their tributes for #ShaneWarne and #RodneyMarsh, as nations taking the field for #crickeâ€¦","['ShaneWarne', 'RodneyMarsh']",Twitter Web App,,False
1500083395321163776,Samantha_fanboy,CSK,"Hyderabad, India","No Hatred !! MSDIANğŸ’› CSK 

Corona attacks if you don't follow back ğŸ˜·ğŸ‘¿",,,2020-08-29 12:01:42+00:00,2950,2924,13162,False,2022-03-05 12:18:46+00:00,RT @henrygayle: RIP LEGEND ğŸ™ğŸ¿ ğŸ˜ #ShaneWarne,['ShaneWarne'],Twitter for Android,,False
1500083386198622216,Thenu04754586,Honey,,,,,2020-12-22 16:49:12+00:00,4,160,4231,False,2022-03-05 12:18:44+00:00,RT @harbhajan_singh: Well done @imjadeja brilliant 100 keep going .. ( rockstar )the name was given to him by greatest ever @ShaneWarne @BCâ€¦,,Twitter for Android,,False
1500083374433648643,mustaaandaaaaa,GujjarğŸ‡µğŸ‡°ğŸ‡ºğŸ‡¸ğŸ‡¨ğŸ‡¦,,,,,2022-01-12 16:12:52+00:00,3,34,151,False,2022-03-05 12:18:41+00:00,RT @babarazam258: Find it hard to believe. Such a devastating loss for the cricket world. He literally inspired generations with his magicaâ€¦,,Twitter for iPhone,,False
1500083365650866178,FaisalA75928158,Faisal Abbasi,"Rawalpindi, Pakistan","Kashmiri, 
Lecturer at Read Foundation College Dhirkot Azad Jamu & Kashmir.
Cricket Fan.",,,2017-06-27 10:16:03+00:00,931,2520,35977,False,2022-03-05 12:18:39+00:00,RT @farveezmaharoof: Emotional last 24 hours with the passing away of spin king #ShaneWarne ğŸ’” Paying a tribute to him with @rashidkhan_19 dâ€¦,['ShaneWarne'],Twitter for Android,,False
1500083354649055232,idra_khan,S$idra KHAN,,,,,2022-03-04 01:20:52+00:00,1,30,64,False,2022-03-05 12:18:36+00:00,"RT @cricketnext: Remembering the King: The Joy of Watching Shane Warne Bowl and Listening to Him Was Spectacular

#ShaneWarne #RIPKing 

âœï¸â€¦","['ShaneWarne', 'RIPKing']",Twitter for Android,,False
1500083331572117507,BDHerren,B,West,"Lover of food, bev, sports, and m'ladies",,,2009-08-10 02:13:06+00:00,212,353,34900,False,2022-03-05 12:18:31+00:00,@Mama_Funkins @ShaneWarne Boosters probably didnâ€™t help either.,,Tweetbot for iÎŸS,,False
1500083330465034242,DillipK55447258,Dillip Kumar Barik,,,,,2020-07-27 15:08:03+00:00,36,12,3516,False,2022-03-05 12:18:30+00:00,RT @achyuta_samanta: At loss of words to hear about the demise of our cricketing legend Shane Warne. The greatest spin wizard to have everâ€¦,,Twitter for Android,,False
1500083313322565632,neha60175934,neha manpreet,,Desh se pyar hai aur humesha rahegağŸ‡®ğŸ‡³ğŸ‡®ğŸ‡³,,,2021-06-05 20:44:12+00:00,61,31,3515,False,2022-03-05 12:18:26+00:00,RT @GautamGambhir: Very few can match their attitude with raw talent. #ShaneWarne made bowling look like magic! RIP,['ShaneWarne'],Twitter for Android,,False
1500083307257954309,AlwaysPavan26,King MakeRRR ğŸ‘‘ğŸ”¥ áµáµƒË¢Ë¢áµáµƒá´¿á¶œÊ°,,Fan of @AlwaysRamCharan | Fan Of THALA @msDhoni | And @ChennaiIPL ğŸ”¥| @ActorVijay â¤ Veriyan | @AnirudhOfficial ğŸ’•,,,2021-05-28 07:45:59+00:00,1592,1883,29050,False,2022-03-05 12:18:25+00:00,"RT @CSKFansArmy: Tribute to the legend #ShaneWarne â¤ï¸

#WhistlePodu | @imjadeja https://t.co/2fLx9MfMz3","['ShaneWarne', 'WhistlePodu']",Twitter for Android,,False
1500083304099311616,VasanthGunipe,Vasanth Gunipe,,MSD...ğŸ”¥,,,2021-08-02 08:35:45+00:00,3,20,475,False,2022-03-05 12:18:24+00:00,"RT @talkfootball_21: shane warne ğŸ’”

thank you for childhood memories with your leg spin including first #IPL campaign with #RajasthanRoyalsâ€¦","['IPL', 'RajasthanRoyals']",Twitter for Android,,False
1500083301901824003,_badassbitch16,AkankshaÂ¹á´° // AOT series finale ğŸŒˆğŸŒ¸ğŸµğŸ’šğŸ’›âš“,"One Direction ğŸ¡ , She/Her, 27","''Éª á´¡á´É´á´› ÊŸá´‡á´› Êá´á´œ ÉªÉ´ á´€É¢á´€ÉªÉ´, á´›Êœá´€á´›'êœ± á´›Êœá´‡ Êœá´€Ê€á´…á´‡êœ±á´› á´›ÊœÉªÉ´É¢ Éª'á´ á´‡ á´‡á´ á´‡Ê€ êœ±á´€Éªá´… Êá´á´œ á´‹É´á´á´¡...''
(#á´á´›á´€á´‹á´œ, #á´…ÉªÊ€á´‡á´„á´›Éªá´É´á´‡Ê€, #á´˜á´á´›á´›á´‡Ê€Êœá´‡á´€á´…, #á´›Ê€á´Êá´‡êœ±Éªá´ á´€É´, #Ê™á´›á´Ê™)",,,2012-07-21 10:20:45+00:00,1479,590,2435,False,2022-03-05 12:18:24+00:00,"RT @_offthemark_: @ShaneWarne Life is so unpredictable. Everyone who sees this tweet, please enjoy each and every moment of your life to thâ€¦",,Twitter for Android,,False
1500083285245894657,Neeraj_Jat__,Neeraj Choudhary,"Kekri, ajmer","Tweet my personal thoughts ğŸ‘.                          
                    team @Drvikasbjp â¤ï¸",,,2020-07-02 11:21:42+00:00,951,382,15327,False,2022-03-05 12:18:20+00:00,RT @DrVikasBJP: Speechless to know about #ShaneWarneâ€™s untimely passing. You could not have loved the game of cricket without being in compâ€¦,['ShaneWarne'],Twitter for Android,,False
1500083273996939271,MisshPunjaban,Natasha Saleem,"Islamabad, Pakistan",Music Pop Entertainment Gaming Fashion & Beauty nd Pmln biggest supporter ğŸ˜ğŸ˜,,,2017-07-16 11:53:38+00:00,3495,288,516979,False,2022-03-05 12:18:17+00:00,RT @KlasraRauf: My son was great fan of @ShaneWarne. I took him to Oval to watch Ind-Eng match(2011)as he wanted to shake hand with @sachinâ€¦,,Twitter for Android,,False
1500083270851039236,airani_13111978,Armin Irani,,Female,,,2014-08-19 13:46:57+00:00,396,1011,65623,False,2022-03-05 12:18:16+00:00,RT @TheQuint: The iconic Melbourne Cricket Ground's (#MCG) Great Southern Stand will be renamed after legendary spinner #ShaneWarne who pasâ€¦,"['MCG', 'ShaneWarne']",Twitter Web App,,False
1500083262823157763,meamit_kumar,Amit malviya,"Bhopal, India","From idea to empire.                                             
Â°MBBSÂ°
Trading peace for pieces.",,,2010-07-19 12:30:01+00:00,183,435,901,False,2022-03-05 12:18:14+00:00,"I played the whole cricket of my life imitating this man ğŸ™
#ShaneWarne",['ShaneWarne'],Twitter for Android,,False
1500083239180025856,1000sWolfs,1000Wolf,BlueSky,"Pak Army (LIFE) PM.ImranKhan(LOVE)

ğŸ‡¨ğŸ‡³ğŸ‡µğŸ‡°ğŸ‡¹ğŸ‡·ğŸ‡µğŸ‡¼ğŸ‡¦ğŸ‡¿ğŸ‡·ğŸ‡º

The Gladiator âš”

 @gladiator1000PakWolf",,,2021-10-11 09:30:10+00:00,776,1076,11560,False,2022-03-05 12:18:09+00:00,RT @AmUsamaCh: Such a devastating loss for the cricket world. #ShaneWarne  he inspired generations with his magical leg spin. world'll foreâ€¦,['ShaneWarne'],Twitter for Android,,False
1500083210159546369,mustaaandaaaaa,GujjarğŸ‡µğŸ‡°ğŸ‡ºğŸ‡¸ğŸ‡¨ğŸ‡¦,,,,,2022-01-12 16:12:52+00:00,3,34,151,False,2022-03-05 12:18:02+00:00,RT @shani_official: #Peshawar and #shanewarne on the same day. ğŸ’”ğŸ’”ğŸ’”,"['Peshawar', 'shanewarne']",Twitter for iPhone,,False
1500083209279000577,farveezmaharoof,Farveez Maharoof,Sri Lanka,"Proud srilankanğŸ‡±ğŸ‡° Sportscaster , former pro ğŸ Always thankfulğŸ™ğŸ½ IG- @farveez , FB - https://t.co/8odvqlGwXD",,,2010-04-10 18:01:26+00:00,125171,55,8698,True,2022-03-05 12:18:01+00:00,Emotional last 24 hours with the passing away of spin king #ShaneWarne ğŸ’” Paying a tribute to him with @rashidkhan_19 during a flash interview during the 2nd T20i @BCBtigers ğŸ‡§ğŸ‡© v @ACBofficials ğŸ‡¦ğŸ‡« Emotional day to the entire cricket fraternity! #RIPShaneWarne https://t.co/M9wBO0o4Ls,['ShaneWarne'],Twitter for iPhone,"Place(_api=<tweepy.api.API object at 0x0000022F8183B370>, id='07d9dc6e09c83001', url='https://api.twitter.com/1.1/geo/id/07d9dc6e09c83001.json', place_type='poi', name='Sher-e-Bangla National Cricket Stadium', full_name='Sher-e-Bangla National Cricket Stadium', country_code='BD', country='Bangladesh', contained_within=[], bounding_box=BoundingBox(_api=<tweepy.api.API object at 0x0000022F8183B370>, type='Polygon', coordinates=[[[90.36357879638672, 23.80619562924477], [90.36357879638672, 23.80619562924477], [90.36357879638672, 23.80619562924477], [90.36357879638672, 23.80619562924477]]]), attributes={})",False
1500083208125247489,madhumita6,Dr. Madhumita,,"Former Tv presentr/RJ Writer,Poet,Blogger,Life SkillsCounsellor,Healer,wrk wid women/children, spreading Alzheimer awareness,animal lover,crazy,creative, foodie",,,2010-01-25 06:23:41+00:00,1093,671,91210,False,2022-03-05 12:18:01+00:00,"Please value each and every moment. Enjoy till it lasts bcz afterall life's unpredictable! 
#ShaneWarne https://t.co/YLWBZFZqWi",['ShaneWarne'],Twitter for Android,,False
1500083203020767232,airani_13111978,Armin Irani,,Female,,,2014-08-19 13:46:57+00:00,396,1011,65623,False,2022-03-05 12:18:00+00:00,"RT @timesofindia: #RIPShaneWarne 

Was privilege, pleasure to play alongside you: Steve Waugh condoles #ShaneWarne's demise

Read: https://â€¦","['RIPShaneWarne', 'ShaneWarne']",Twitter Web App,,False
1500083196708663301,NaveenV14540448,Naveen VJ,,Thalapathy Veriyan,,,2021-02-10 12:28:13+00:00,75,448,31932,False,2022-03-05 12:17:58+00:00,"RT @RamCinemas: May His Soul Rest in Peace !!
#ShaneWarne https://t.co/cUp3lg4lHa",['ShaneWarne'],Twitter for Android,,False
1500083196666707971,CRICKROHITMAN,ROHITMAN,CRICKET LOK,,,,2020-08-27 07:43:27+00:00,16,10,970,False,2022-03-05 12:17:58+00:00,"RT @cricketnext: Shane Warne's Rockstar Ravindra Jadeja Slams 2nd Test Century, Fans Calls it Perfect Tribute to King of Spin
#RavindraJadeâ€¦",,Twitter for Android,,False
1500083185593503751,mustaaandaaaaa,GujjarğŸ‡µğŸ‡°ğŸ‡ºğŸ‡¸ğŸ‡¨ğŸ‡¦,,,,,2022-01-12 16:12:52+00:00,3,34,151,False,2022-03-05 12:17:56+00:00,"RT @AbidAli_Real: Stunned and heartbroken!
A great ambassador of the game, a legend who inspired many around the globe ğŸ‘ğŸ¼ ğŸ˜­
 #ShaneWarne.#Lâ€¦",['ShaneWarne'],Twitter for iPhone,,False
1500083169248301060,Abuzar__says,Abuzar Rehman,,â€Ø§Ù„Ù„Û Ù†Û’ Ø§Ù†Ø³Ø§Ù† Ú©Û’ ÛØ§ØªÚ¾ Ù…ÛŒÚº Ù…Ø­Ù†Øª Ø§ÙˆØ± Ú©ÙˆØ´Ø´ Ø±Ú©Ú¾ÛŒ ÛÛ’ Ú©Ø§Ù…ÛŒØ§Ø¨ÛŒ ÙˆÛ Ø¯ÛŒØªØ§ ÛÛ’Û”Û”Û”Û”Û”Ø¹Ù…Ø±Ø§Ù† Ø®Ø§Ù† âœŒ,,,2018-12-15 11:13:59+00:00,440,992,55910,False,2022-03-05 12:17:52+00:00,RT @ShaziyaaMehmood: Canâ€™t get over ğŸ’” #ShaneWarne https://t.co/2tcApUuxNy,['ShaneWarne'],Twitter for Android,,False
1500083164617732097,mdparghi,ï½ï½ï½ï½”ï½• ï½ï½ï½’ï½‡ï½ˆï½‰,"Thangadh, Gujarat","â˜…Love to play Cricket
â˜…Like to do Photography,
â˜…Die-Hard Fan Of @iamsrk
â˜…Wanderlust
â˜…Proud to be an Indian",,,2011-01-18 09:16:39+00:00,113,245,9433,False,2022-03-05 12:17:51+00:00,"RT @HeatBBL: The King of Spin talking through his dismissal of @Bazmccullum on the mic, legendaryğŸ‘‘ #GOATğ“ƒµ 

RIP @ShaneWarne ğŸ’” https://t.co/â€¦",['GOATğ“ƒµ'],Twitter for Android,,False
1500083155050500100,airani_13111978,Armin Irani,,Female,,,2014-08-19 13:46:57+00:00,396,1011,65623,False,2022-03-05 12:17:49+00:00,RT @NH_India: The cricketing world is reeling under the shock of losing one of its greatest players after legendary spinner #ShaneWarne pasâ€¦,['ShaneWarne'],Twitter Web App,,False
1500083151426961409,StevobeckR,GlenelgFan,,"Environment and animal lover, vegetarian, ğŸ¯sports fan, Public Health Officer, There is no planet B ğŸŒ ğŸ’šğŸŒ±ğŸŒ´ğŸŒ²",,,2013-02-20 04:29:26+00:00,591,707,64885,False,2022-03-05 12:17:48+00:00,"@ScottMorrisonMP @ShaneWarne He will always be the king of spin. 

Youâ€™ll always be scottt from marketing, trying to spin your way out of trouble. 

Call the election.",,Twitter for iPhone,,False
1500083139573858305,AlwaysPavan26,King MakeRRR ğŸ‘‘ğŸ”¥ áµáµƒË¢Ë¢áµáµƒá´¿á¶œÊ°,,Fan of @AlwaysRamCharan | Fan Of THALA @msDhoni | And @ChennaiIPL ğŸ”¥| @ActorVijay â¤ Veriyan | @AnirudhOfficial ğŸ’•,,,2021-05-28 07:45:59+00:00,1592,1883,29050,False,2022-03-05 12:17:45+00:00,"RT @CSKFansArmy: Rockstar #ShaneWarne â¤ï¸

#WhistlePodu | @imjadeja https://t.co/WJGXaFSW7c","['ShaneWarne', 'WhistlePodu']",Twitter for Android,,False
1500083139049369600,danruddock14,Danny Ruddock,"Dublin, Ireland","Thinker of many great tweets.. Writer of none.

Audience Editor @independent_ie",,,2011-01-21 18:32:15+00:00,346,1217,4639,False,2022-03-05 12:17:45+00:00,"RT @FoxCricket: 'He was magic' ğŸŒŸ

Isa Guha delivers an emotional few words on Warnie ğŸ˜¢

ğŸ“º Watch the #ShaneWarne tribute on @Foxtel CH501 orâ€¦",['ShaneWarne'],Twitter for Android,,False
1500083129926950912,_IronManofIndia,Dr.sasi,Madurai Meenakshi Amman Temple,"Health and education achievements through FEMALE literacy.

Be confident at failure, world will stand in front of you.

a global citizen @UN",,,2021-06-18 10:39:36+00:00,10,147,390,False,2022-03-05 12:17:43+00:00,"Great tribute to @ShaneWarne talent spotting skills. He must be delighted to see @imjadeja score 175 not out. Donâ€™t forget Warne was among the first to spot/nurture Jadejaâ€™s talent at RR in 2008, called him a â€˜rock starâ€™. Warne led RR to  remarkable IPL triumph in 2008: #Jadeja",,Twitter for Android,,False
1500083120552304640,shivamdubeyco,Shivam Dubey,"Lucknow , IN ",RamBhakt | Entrepreneur | https://t.co/j3Y3P1FLEm : Lucknow health . Jai Hind ğŸ‡®ğŸ‡³ğŸ™.,,,2021-06-26 15:53:42+00:00,6,53,28,False,2022-03-05 12:17:40+00:00,"RT @DrRaghavMishra: Anguished by the passing away of The @ShaneWarne â¤ğŸŒºğŸ™ . My thoughts are with his family and friends. RIP.
#ShaneWarn #Crâ€¦",['ShaneWarn'],Twitter for Android,,False
1500083111631396868,LokmatNewsEng,Lokmat Times,,,,,2019-11-14 07:15:25+00:00,350,1,1,False,2022-03-05 12:17:38+00:00,"#shanewarne #alanaking
Watch Video: Alana King gives fitting tribute to Shane Warne, video goes viral
Veteran Australian spinner Shane Warne died on Friday
https://t.co/UuOeb5uRJZ","['shanewarne', 'alanaking']",lokmatAutoPublisher,,False
1500083101132738562,VqcMb,EE VQC MB Nirmal,,,,,2020-09-24 09:39:28+00:00,239,142,5577,False,2022-03-05 12:17:36+00:00,"RT @KTRTRS: Shocking! My condolences; warne was one of the greatest leg spinners of cricket &amp; a legend 

Rest in peace #ShaneWarne",['ShaneWarne'],Twitter for Android,,False
1500083092777697282,filmibeat,FilmiBeat,Bengaluru,"https://t.co/m6wYnsseu6, your destination for Bollywood and Regional cinema news, gossip, movie reviews and box office reports.

Follow us : https://t.co/cgT3K80rRy",,,2011-01-20 12:22:42+00:00,33968,1035,4411,True,2022-03-05 12:17:34+00:00,"Cricket Legend Shane Warne Had A Whirlwind Romance With Elizabeth Hurley, Here Is All You Need To Know #elizabethhurley #shanewarne #relationship #ipl https://t.co/LuYv2EPqCv",,oneindia entertainment,,False
1500083071202127873,thudi_kavi,Thudish KavishkağŸŒŸ,Sri Lanka,-ğŒğ«.ğ€ğ–ğ„ğ’ğğŒğ„ ğŸŒŸ-|-âš–-|-loyal boyğŸ˜‡with a dirty mindğŸ˜ˆ-|-studentâœ-|- #srilankanğŸ‡±ğŸ‡°,,,2016-08-27 03:04:09+00:00,53,623,17617,False,2022-03-05 12:17:29+00:00,RT @ArjunaRanatunga: Rest In Peace @ShaneWarne https://t.co/JsGrLjacUO,,Twitter for Android,,False
1500083069813866496,jaago_hinduo916,à¤¶à¥Œà¤°à¥à¤¯,,à¤–à¥à¤¦ à¤œà¤¾à¤¨ à¤œà¤¾à¤“à¤—à¥‡,,,2021-10-18 10:15:45+00:00,0,88,358,False,2022-03-05 12:17:28+00:00,RT @sophieelsworth: RIP Warney ğŸ˜­ğŸ˜­ https://t.co/2ffPTITHvy #ShaneWarne #RIPKing,"['ShaneWarne', 'RIPKing']",Twitter for Android,,False
1500083063455641602,MrSunilSattawa1,à¤¸à¥à¤¨à¤¿à¤² à¤¸à¤¤à¥à¤¤à¤¾à¤µà¤¨,"à¤—à¤¾à¤‚à¤µ - à¤®à¥Œà¤¹à¤²à¤¾à¤ˆ à¤¤à¤¹. à¤¸à¤¿à¤•à¤°à¤¾à¤¯, à¤¦à¥Œà¤¸à¤¾",ğŸ’¯% follow back,,,2021-01-16 12:38:23+00:00,1595,1913,12636,False,2022-03-05 12:17:27+00:00,"RT @siju_moothedath: A Fitting Tribute To The Magician ğŸ™

#RIPKing #MCG #CricketAustralia #ShaneWarne #RIPWarne #warne https://t.co/7YQIrXAâ€¦","['RIPKing', 'MCG', 'CricketAustralia', 'ShaneWarne', 'RIPWarne', 'warne']",Twitter for Android,,False
1500083046975946753,LaurenNBaily,ğŸ‡ºğŸ‡¦ğŸ´ó §ó ¢ó ¥ó ®ó §ó ¿ Lauren B ğŸ’™ğŸ’› â€¢,"England, United Kingdom",Lauren ğŸ´ó §ó ¢ó ¥ó ®ó §ó ¿ğŸ‡¬ğŸ‡§ â€¢ @ManUtd âš½ï¸ğŸ”´ â€¢ @England + @englandcricket âš½ï¸ğŸğŸ´ó §ó ¢ó ¥ó ®ó §ó ¿â€¢ @eagles ğŸˆğŸ’š â€¢,,,2009-09-13 19:32:02+00:00,3362,435,364494,False,2022-03-05 12:17:23+00:00,RT @isaguha: Heartbroken ğŸ’” the best times of my life have been talking cricket with this bloke. The true rockstar of cricket. Will miss youâ€¦,,Twitter for iPhone,,False
1500083044199583745,MrSunilSattawa1,à¤¸à¥à¤¨à¤¿à¤² à¤¸à¤¤à¥à¤¤à¤¾à¤µà¤¨,"à¤—à¤¾à¤‚à¤µ - à¤®à¥Œà¤¹à¤²à¤¾à¤ˆ à¤¤à¤¹. à¤¸à¤¿à¤•à¤°à¤¾à¤¯, à¤¦à¥Œà¤¸à¤¾",ğŸ’¯% follow back,,,2021-01-16 12:38:23+00:00,1595,1913,12636,False,2022-03-05 12:17:22+00:00,"RT @souvikroy_SRT: Bollywood, Indian movie industry, current cricketers, former cricketers around the globe, legendary athletes, British leâ€¦",,Twitter for Android,,False
1500083033424097285,Amrishh8,Amrishh,,Go Easy n Simple,,,2021-05-30 15:55:20+00:00,13,138,2765,False,2022-03-05 12:17:20+00:00,RT @satishacharya: Such a cruel turn! RIP Shane Warne! #ShaneWarne https://t.co/0U9dLsugE0,['ShaneWarne'],Twitter for Android,,False
1500083032841089027,Adarsht96639522,**Adarsh*Tiwari**,"Uttar Pradesh, India","à¤¤à¥‡à¤°à¥€ à¤†à¤à¤–à¥‹à¤‚ à¤®à¥‡à¤‚ à¤¹à¤®à¥‡ à¤œà¤¾à¤¨à¥‡ à¤•à¥à¤¯à¤¾ à¤¨à¤œà¤° à¤†à¤¯à¤¾
à¤¤à¥‡à¤°à¥€ à¤¯à¤¾à¤¦à¥‹ à¤•à¤¾ à¤¦à¤¿à¤²à¤ªà¥‡ à¤¸à¥à¤°à¥‚à¤° à¤›à¤¾à¤¯à¤¾ à¤¹à¥ˆ
à¤…à¤¬ à¤¹à¤®à¤¨à¥‡ à¤šà¤¾à¤à¤¦à¤•à¥‹ à¤¦à¥‡à¤–à¤¨à¤¾ à¤›à¥‹à¤¡à¤¼ à¤¦à¤¿à¤¯à¤¾ à¤¹à¥ˆ
à¤”à¤° à¤¤à¥‡à¤°à¥€ à¤¤à¤¸à¥à¤¬à¥€à¤° à¤•à¥‹ à¤¦à¤¿à¤² à¤®à¥‡à¤‚ à¤›à¥à¤ªà¤¾ à¤²à¤¿à¤¯à¤¾ğŸ˜Š
I am adarsh tiwari",,,2017-05-18 08:53:16+00:00,2980,1054,25661,False,2022-03-05 12:17:19+00:00,RT @harbhajan_singh: Well done @imjadeja brilliant 100 keep going .. ( rockstar )the name was given to him by greatest ever @ShaneWarne @BCâ€¦,,Twitter for Android,,False
1500083030773444612,arnoldlayne1882,arnoldlayne1882,,COYS #legacyfan #stillwoke #gynae get rid of the trivial tories,,,2010-05-02 23:08:48+00:00,1083,3576,36122,False,2022-03-05 12:17:19+00:00,RT @isaguha: Heartbroken ğŸ’” the best times of my life have been talking cricket with this bloke. The true rockstar of cricket. Will miss youâ€¦,,Twitter for iPhone,,False
1500083023533936642,BiggBossBB15,Bigg Boss and 100 others,Hell ,"Follows you                                                                                   
Always Angry",,,2012-12-06 00:13:23+00:00,2764,229,7495,False,2022-03-05 12:17:17+00:00,"Who was guiding him in 'operation shred' ?
What was he following.. keto-diet, shakes, meds, lifting weights without warm up https://t.co/5waR8cXNKC",,Twitter for Android,,False
1500083017519284225,airani_13111978,Armin Irani,,Female,,,2014-08-19 13:46:57+00:00,396,1011,65623,False,2022-03-05 12:17:16+00:00,"RT @timesofindia: Foul play ruled out in shock death of #ShaneWarne

Read: https://t.co/ZgZEu1iW13 https://t.co/iw5L4ugj0b",['ShaneWarne'],Twitter Web App,,False
1500083016902742019,ur_friend_msj,M.S.J âš“âš”ğŸ¦…ğŸ‡µğŸ‡°â­â­,Fifth Floor Serena Hotel Kabul,"Pakistan Armyâ™¥âœŠsupporter. You shall never be able surprise us, but let me assure you, we shell surprise you, don't mess with Pakistan.Asif GhafoorğŸ˜",,,2021-02-01 19:54:31+00:00,593,591,18973,False,2022-03-05 12:17:16+00:00,RT @adeelraja: Turned and turned and turned #ShaneWarne https://t.co/0bOWDGZLs2,['ShaneWarne'],Twitter for Android,,False
1500083014621138946,bintehawwa99,Bint-e-Hawwa,,,,,2016-10-04 04:56:22+00:00,308,933,28407,False,2022-03-05 12:17:15+00:00,"RT @jaf_hk: It iz a devastating news ğŸ˜­
To me, He was the greatest ever skilful bowler in the history of cricket....Whether spinners or furiâ€¦",,Twitter Web App,,False
1500082989816225792,shub4438,Shubham Mishra,,"Sports Journalist, Hindustan Times",,,2017-03-02 13:02:47+00:00,24,187,331,False,2022-03-05 12:17:09+00:00,RT @editorji: #CricBait | #RavindraJadejaâ€™s fitting tribute to #ShaneWarne as he puts #TeamIndia in total control vs Sri Lanka on Day 2. @câ€¦,"['CricBait', 'RavindraJadeja', 'ShaneWarne', 'TeamIndia']",Twitter Web App,,False
1500082978608672773,SudeepK24,Sudeep Singh,,"Kattar Hindu Fan Follower Of Maharana Pratap, Shivaji Rao Maharaj and Subhash Chandra Bose (Gumnami Baba till 1985)",,,2022-02-05 20:17:29+00:00,20,306,1588,False,2022-03-05 12:17:06+00:00,"RT @hershybru: When people ask me who was the best I ever faced, there was only one name and that was SK WARNE. A man that lived life to thâ€¦",,Twitter for Android,,False
1500082977337978881,carlostown,Carl Merai,Guyana,Cliff Note Version ---- Eat-Sleep-Conquer-Repeat!,,,2009-05-08 17:34:28+00:00,248,1020,2361,False,2022-03-05 12:17:06+00:00,"RT @ivivianrichards: Unbelievable. I am shocked to the core. This can't be true...

Rest In Peace, @ShaneWarne. There are no words to descrâ€¦",,Twitter for Android,,False
1500082958862106624,smollboy_abby,Abbas Syed ğŸ‡µğŸ‡°,23 | ğŸ‡µğŸ‡°|ğŸ‡¨ğŸ‡¦,ğğŒ ğˆğŠâ¤ï¸ ğŒğğ¬ğ¬ğ¢ ğğ’ğ†ğŸ’™ #PTIFamily ğŸ‡µğŸ‡°,,,2019-07-09 12:19:37+00:00,1009,195,356614,False,2022-03-05 12:17:02+00:00,RT @ShaziyaaMehmood: Canâ€™t get over ğŸ’” #ShaneWarne https://t.co/2tcApUuxNy,['ShaneWarne'],Twitter for Android,,False
1500082946727837698,lee_rawson12,Lee Rawson,GOLD COAST AUSTRALIA ,"25, English lad ARSENAL FC! Live on the Gold Coast, but from the U.K. snapchat- lee_rawson12 insta-lee_rawson12",,,2011-01-15 18:48:46+00:00,449,654,685,False,2022-03-05 12:16:59+00:00,"It still hasnâ€™t sunk in yet! ğŸ’” Shane was nothing but a hero to me! As an Englishman I had nothing but love and respect for Warnie, my thoughts are with all his friends and family. RIP legend! Gone but never forgotten @ShaneWarne â¤ï¸ğŸ™",,Twitter for iPhone,,False
1500082934409142280,Varsha10715694,Varsha,,"I love my India
Think positive
Be happy
Nature lover",,,2021-11-13 13:16:07+00:00,5,57,2121,False,2022-03-05 12:16:56+00:00,RT @ActorMaanas: Such a devastating loss for the world of #cricket. You'll forever be missed #ShaneWarne . My deepest condolences are withâ€¦,"['cricket', 'ShaneWarne']",Twitter for Android,,False
1500082933159596032,rumeshb,Randwick,Oman ,,,,2012-11-12 20:59:51+00:00,0,233,1284,False,2022-03-05 12:16:56+00:00,@ShaneWarne Shocking ğŸ˜¢ğŸ˜¢ğŸ˜¢ğŸ˜¢ğŸ˜¢ RIP mate â¤ï¸,,Twitter for iPhone,,False
1500082930575630344,ZakiaJalil7,Zakia Jalil,,,,,2014-08-22 15:06:09+00:00,1678,1626,168216,False,2022-03-05 12:16:55+00:00,"RT @FoxCricket: 'He was magic' ğŸŒŸ

Isa Guha delivers an emotional few words on Warnie ğŸ˜¢

ğŸ“º Watch the #ShaneWarne tribute on @Foxtel CH501 orâ€¦",['ShaneWarne'],Twitter Web App,,False
1500082923403616264,Setul,Setul,Kutch Gujarat,Road Runner! Proud Bhakt of Maa Bharti!!! Vande Matram!!! Hindu Nationalist! India First! Don't Judge by tweets or Retweets!,,,2009-10-05 10:46:17+00:00,778,2384,179980,False,2022-03-05 12:16:53+00:00,RT @harbhajan_singh: Well done @imjadeja brilliant 100 keep going .. ( rockstar )the name was given to him by greatest ever @ShaneWarne @BCâ€¦,,Twitter Web App,,False
1500082917946449922,RYarlapalli,pawan kalyan,,Jai hind,,,2021-05-19 11:26:56+00:00,51,28,40999,False,2022-03-05 12:16:52+00:00,RT @harbhajan_singh: Well done @imjadeja brilliant 100 keep going .. ( rockstar )the name was given to him by greatest ever @ShaneWarne @BCâ€¦,,Twitter for Android,,False
1500082912922062850,MrSunilSattawa1,à¤¸à¥à¤¨à¤¿à¤² à¤¸à¤¤à¥à¤¤à¤¾à¤µà¤¨,"à¤—à¤¾à¤‚à¤µ - à¤®à¥Œà¤¹à¤²à¤¾à¤ˆ à¤¤à¤¹. à¤¸à¤¿à¤•à¤°à¤¾à¤¯, à¤¦à¥Œà¤¸à¤¾",ğŸ’¯% follow back,,,2021-01-16 12:38:23+00:00,1595,1913,12636,False,2022-03-05 12:16:51+00:00,"RT @NareshKarubukta: RAVINDRA JADEJA ğŸ’¥ğŸ’¥
Best tribute to SHANE WARNE 
#INDvSL #RIPKing #ShaneWarne https://t.co/28HI7uP0M0","['INDvSL', 'RIPKing', 'ShaneWarne']",Twitter for Android,,False
1500082909675687936,patelpathik1995,Pathik | Stay Safe ğŸ˜·,Ahmedabad City ğŸ‡®ğŸ‡³,ğŸ¤” A Developer?? I guess..ğŸ¤¨,,,2011-06-30 11:34:12+00:00,174,513,41268,False,2022-03-05 12:16:50+00:00,"RT @FoxCricket: 'He was magic' ğŸŒŸ

Isa Guha delivers an emotional few words on Warnie ğŸ˜¢

ğŸ“º Watch the #ShaneWarne tribute on @Foxtel CH501 orâ€¦",['ShaneWarne'],Twitter for Android,,False
1500082901391917057,Vishnu5f9,Vishnusirigiri,,,,,2021-10-09 05:15:20+00:00,4,55,335,False,2022-03-05 12:16:48+00:00,@CSKFansOfficial @imjadeja @ShaneWarne Simply wow ğŸ¥ºğŸ¥º,,Twitter for Android,,False
1500082886657019907,airani_13111978,Armin Irani,,Female,,,2014-08-19 13:46:57+00:00,396,1011,65623,False,2022-03-05 12:16:45+00:00,"RT @AllAbout90sLife: This battle. . . #ShaneWarne 

#AllAbout90sLife #90s https://t.co/MHxlpUML8Z","['ShaneWarne', 'AllAbout90sLife', '90s']",Twitter Web App,,False
1500082876305473538,i_am_prabesh,Prabesh gooner âœŒ,Bhaktapur,"If Football is a religion then Arsenal is my Temple and Ã–zil is my god..... 
#MesutÃ–zil #Gooner #Arsenal #COYG #Nepal #GoalKeeper",,,2015-10-16 03:59:40+00:00,69,181,1521,False,2022-03-05 12:16:42+00:00,"RT @CricketNep: Our condolences and prayers with Shane Warne's family. May his soul rest in peace. 

#ShaneWarne #cricketfamily https://t.câ€¦","['ShaneWarne', 'cricketfamily']",Twitter for iPhone,,False
1500082854708928512,yogesh_tekawade,Yogesh Tekawade,,,,,2021-12-16 08:39:41+00:00,1,57,91,False,2022-03-05 12:16:37+00:00,"RT @CricketNDTV: Former Australia captain #IanChappell on Saturday hailed late #ShaneWarne as a ""generous and honest"" champion who never coâ€¦","['IanChappell', 'ShaneWarne']",Twitter for Android,,False
1500082853018755076,H_ubair,Horcrux,"Multan, Pakistan",,,,2015-02-20 15:02:27+00:00,132,1109,191507,False,2022-03-05 12:16:37+00:00,"RT @Cricketracker: Cricket world lost a diamond today. Our thoughts and prayers are with Shane Warne's family.

#ShaneWarne #Legend https:/â€¦","['ShaneWarne', 'Legend']",Twitter for Android,,False
1500082843640233984,boy_carefree,Ziddi Dhillon,IÎ·âˆ‚Ä±a,"Life is good  ......
My tweet :- @Iamrahul74 
 Followed by @johncena",,,2013-09-02 14:02:02+00:00,2176,385,178001,False,2022-03-05 12:16:34+00:00,RT @ShubmanGill: Can't believe while writing this. I grew up watching his bowling on TV. One of the greatest spinners of all time. Thank yoâ€¦,,Twitter for Android,,False
1500082842134536196,ricardofodol,Richard A. Hughes,"Brynna, RCT, Wales",Gog in v wild RCT. Views are my own & not those of my employer. Former civil servant of your dreams.  Retweets & likes not endorsements. No unsolicited DMs pls,,,2013-09-07 14:04:02+00:00,907,3439,127638,False,2022-03-05 12:16:34+00:00,"RT @SimplySandeep_: The sensational ""Ball of the Century"" by #ShaneWarne, clean bowling Mike Gatting with his first ball of the 1993 Ashesâ€¦",['ShaneWarne'],Twitter Web App,,False
1500082822022791169,boblingard86,Bob Lingard,,"Emeritus Professor, UQ; Professor, ACU; sociologist of Education; art collector.",,,2016-02-28 07:50:57+00:00,2223,541,52243,False,2022-03-05 12:16:29+00:00,RT @isaguha: Heartbroken ğŸ’” the best times of my life have been talking cricket with this bloke. The true rockstar of cricket. Will miss youâ€¦,,Twitter for iPhone,,False
1500082820487647237,Vishnu5f9,Vishnusirigiri,,,,,2021-10-09 05:15:20+00:00,4,55,335,False,2022-03-05 12:16:29+00:00,"RT @CSKFansOfficial: Rockstar ğŸ¥ºğŸ”

@imjadeja @ShaneWarne #INDvSL https://t.co/MZusZkqBmb",['INDvSL'],Twitter for Android,,False
1500082814615572481,premRogueY,kisu,"Pune/Patna, India",,,,2016-03-23 23:32:46+00:00,318,1538,218027,False,2022-03-05 12:16:27+00:00,RT @beastieboy07: Remember the early days of the IPL when #ShaneWarne would bring these relatively unknown young Indian cricketers along toâ€¦,['ShaneWarne'],Twitter for Android,,False
1500082808886382593,asethi28,Amit Sethi,"Mumbai, India",,,,2009-10-12 01:50:39+00:00,19,380,1456,False,2022-03-05 12:16:26+00:00,@ivivianrichards @ShaneWarne Shane made legspin sexy!!,,Twitter for iPhone,,False
1500082793195343873,KHAN01988,KHAN ARSHAD,INDIA,"DO YOU LOVE YOUR CREATOR, LOVE YOUR FELLOW BEING FIRST",,,2010-05-26 15:53:26+00:00,290,636,10699,False,2022-03-05 12:16:22+00:00,"RT @odisha_links: After the demise of Australian cricketing legend, #ShaneWarne a video of him goes viral where he is bowling against Actorâ€¦",['ShaneWarne'],Twitter for Android,,False
1500082792721715209,Rakesh_Panwar_,Rakesh Panwar,"Suratgarh, RJ-13","à¤—à¤²à¤¤ à¤•à¤¾ à¤µà¤¿à¤°à¥‹à¤§ à¤–à¥à¤²à¤•à¤° à¤•à¤°à¥‡à¤‚, à¤šà¤¾à¤¹à¥‡ à¤°à¤¾à¤œà¤¨à¥€à¤¤à¤¿ à¤¹à¥‹ à¤¯à¤¾ à¤¸à¤®à¤¾à¤œ, à¤‡à¤¤à¤¿à¤¹à¤¾à¤¸ à¤†à¤µà¤¾à¤œ à¤‰à¤ à¤¾à¤¨à¥‡ à¤µà¤¾à¤²à¥‹à¤‚ à¤•à¤¾ à¤²à¤¿à¤–à¤¾ à¤œà¤¾à¤¤à¤¾ à¤¹à¥ˆà¤‚, à¤¤à¤²à¤µà¥‡ à¤šà¤¾à¤Ÿà¤¨à¥‡à¤‚ à¤µà¤¾à¤²à¥‹à¤‚ à¤•à¤¾ à¤¨à¤¹à¥€à¤‚
ğŸ‘‰Religion- Indian",,,2018-11-22 09:51:48+00:00,668,990,2448,False,2022-03-05 12:16:22+00:00,RT @henrygayle: RIP LEGEND ğŸ™ğŸ¿ ğŸ˜ #ShaneWarne,['ShaneWarne'],Twitter for Android,,False
1500082788233793538,rkmarar9,Ramakrishnan K Marar,Ayalur in Palakkad (Kerala),Believes every one is equal before the god. Following the foot steps of Indira Gandhi and great leader Karunakaran,,,2014-06-01 07:00:24+00:00,8084,8876,159852,False,2022-03-05 12:16:21+00:00,RT @satishacharya: Such a cruel turn! RIP Shane Warne! #ShaneWarne https://t.co/0U9dLsugE0,['ShaneWarne'],Twitter Web App,,False
1500082775310966795,BDHerren,B,West,"Lover of food, bev, sports, and m'ladies",,,2009-08-10 02:13:06+00:00,212,353,34900,False,2022-03-05 12:16:18+00:00,@AJSC770911 @ShaneWarne Never heard of this guy before (USA) but makes you wonder if the jab was his downfall ğŸ¤”,,Tweetbot for iÎŸS,,False
1500082775097057286,IrfanUl07778901,Irfan Ullah,,Father,,,2021-11-13 07:46:40+00:00,44,63,14416,False,2022-03-05 12:16:18+00:00,RT @KlasraRauf: My son was great fan of @ShaneWarne. I took him to Oval to watch Ind-Eng match(2011)as he wanted to shake hand with @sachinâ€¦,,Twitter for Android,,False
1500082770843889664,guddu_bhaiya__,Aashique,,,,,2021-04-01 08:02:51+00:00,44,821,28815,False,2022-03-05 12:16:17+00:00,"RT @edits_manoj: An Innings to rememberğŸ’™ğŸ”¥

Tribute to @ShaneWarne
Well Played @imjadeja
 https://t.co/QnfhJdmaV8",,Twitter for Android,,False
1500082766620233730,Raptor_VJ,R A P T O R,"Chennai, India",Die Hard Fan @actorvijay ğŸ‘‘ | @msdhoni ğŸ˜,,,2020-06-13 07:33:50+00:00,540,768,48818,False,2022-03-05 12:16:16+00:00,"RT @CSKFansOfficial: Rockstar ğŸ¥ºğŸ”

@imjadeja @ShaneWarne #INDvSL https://t.co/MZusZkqBmb",['INDvSL'],Twitter for iPhone,,False
1500082763688734723,Michell74996286,Michelle Winn,"Western Australia, Australia","Aust muso 65 vintage, ex LNP voter #ProudSewerRat #TrumpgoneScottynext Watch out for those drop bears. Nanna to baby William JrğŸ˜„ Watch pinned tweet please â™¥ï¸",,,2018-11-17 04:39:00+00:00,3732,4749,90344,False,2022-03-05 12:16:15+00:00,@mark_la_cava @annaclarity1 @CJHarvey56 @ScottMorrisonMP @ShaneWarne He most certainly was. The biggest disappointment for me as a 15 year old was not seeing Marsh and Lillee play at the. WACA in Perth. ğŸ˜¢,,Twitter for Android,"Place(_api=<tweepy.api.API object at 0x0000022F8183B370>, id='0074212e3efb4593', url='https://api.twitter.com/1.1/geo/id/0074212e3efb4593.json', place_type='city', name='Broomehill Village', full_name='Broomehill Village, Western Australia', country_code='AU', country='Australia', contained_within=[], bounding_box=BoundingBox(_api=<tweepy.api.API object at 0x0000022F8183B370>, type='Polygon', coordinates=[[[117.621376, -33.867366999], [117.655788096, -33.867366999], [117.655788096, -33.8317150015], [117.621376, -33.8317150015]]]), attributes={})",False
1500082745833398276,dougt_63,Doug Turnbull,Northumberland,Liverpool FC â˜† â˜† â˜† â˜† â˜† â˜† #JFT97 @MorpethTownAFC Season Ticket Holder #FAVase Winners 2016,,,2013-09-12 19:05:59+00:00,5080,4968,31524,False,2022-03-05 12:16:11+00:00,"@sophieelsworth I was there - incredible noise, fantastic to have witnessed it #ShaneWarne",['ShaneWarne'],Twitter for iPhone,,False
1500082729303560196,anand_bhandari,Anand Bhandari,,Believer in the India story,,,2009-12-27 09:15:41+00:00,121,510,4129,False,2022-03-05 12:16:07+00:00,@ShaneWarne oh warnie,,Twitter for iPhone,,False
1500082718612201477,Anishpathiyil,Anish Pathiyil,,"Engineer | Coimbatore | Manchester United | Ferrari | CSK|

Only personal views. RTs are not endorsements.",,,2014-09-06 04:55:18+00:00,120,1531,48352,False,2022-03-05 12:16:04+00:00,RT @satishacharya: Such a cruel turn! RIP Shane Warne! #ShaneWarne https://t.co/0U9dLsugE0,['ShaneWarne'],Twitter for Android,,False
1500082713562206208,Sports_NDTV,NDTV Sports,"New Delhi, India",NDTVSports is the ultimate destination for Sports fans from around the World.,,,2011-03-16 12:37:23+00:00,591968,4,2,True,2022-03-05 12:16:03+00:00,"RT @CricketNDTV: Former Australia captain #IanChappell on Saturday hailed late #ShaneWarne as a ""generous and honest"" champion who never coâ€¦","['IanChappell', 'ShaneWarne']",TweetDeck,,False
1500082712362643457,Robtrinity,Rob near The Otways,"Colac, Victoria",,,,2009-06-04 01:33:33+00:00,816,381,223002,False,2022-03-05 12:16:03+00:00,"RT @NeilMcMahon: Such a lovely tribute from @Libbi_Gorr, who first met Shane Warne the kid as he was on the verge of becoming Shane Warne tâ€¦",,Twitter for iPhone,,False
1500082712350117888,Challa_SRKian,Happiness Is SRK â¤,Apna Koi Thikana Nahi,Crazy Fan of @iamsrk | My Happiness is SRK | Here For SRK & Not To Make Friends | Hater of SRK Haters | Only SHAH RUKH KHAN Matters | Bad Guy | FAN ACCOUNT,,,2012-12-12 11:43:04+00:00,19110,246,1729,False,2022-03-05 12:16:03+00:00,RT @satishacharya: Such a cruel turn! RIP Shane Warne! #ShaneWarne https://t.co/0U9dLsugE0,['ShaneWarne'],Twitter for Android,,False
1500082706797203457,newseachdayau2,The News Each Day Australia,Australia,Arguably the best news aggregator. This account automatically retweets. Mostly Australian news and politics. See @newseachdayau for a lot more retweets.,,,2021-12-08 01:11:43+00:00,6,3,0,False,2022-03-05 12:16:02+00:00,RT @isaguha: Heartbroken ğŸ’” the best times of my life have been talking cricket with this bloke. The true rockstar of cricket. Will miss youâ€¦,,The News Each Day,,False
1500082700840964097,AmitBhambu4,Amit Bhambu,"Mandi Adampur, Hisar ",,,,2021-09-12 14:13:41+00:00,32,408,453,False,2022-03-05 12:16:00+00:00,RT @bishnoikuldeep: Extremely shocked and saddened to hear about the unexpected demise of the greatest leg-spinner of all-time #ShaneWarne.â€¦,['ShaneWarne'],Twitter for Android,,False
1500082694495301634,minehobbypoems,nishad bapat,"Maharashtra, India","A sports Writer, love to watch and follow sports. interested in analyzing different matches.",,,2015-05-26 06:04:28+00:00,73,268,355,False,2022-03-05 12:15:59+00:00,"Shane Warne has left his legacy in the sport. Here is my piece about him and some of his stas depicts his greatness as a player.

https://t.co/CSQxbOxcNj

#ShaneWarne #CricketTwitter #CricketAustralia
#tributetowarne #Cricket",,Twitter for Android,,False
1500082682838978562,AmitBhambu4,Amit Bhambu,"Mandi Adampur, Hisar ",,,,2021-09-12 14:13:41+00:00,32,408,453,False,2022-03-05 12:15:56+00:00,"RT @bbhavyabishnoi: R.I.P. legend ğŸ™ gone too soon. 

#shanewarne https://t.co/rkZHwaVEke",['shanewarne'],Twitter for Android,,False
1500082681689739264,waseemcherry,Iam Waseem Cherry,"Madanapalle, India",Fan Of ğŸ˜»@AlwaysramcharanğŸ˜@PawanKalyanğŸ˜˜@imvkohliâ¤@TheDeverakondağŸ˜@rakulpreetğŸ’œ@advani_kiarağŸ’™,,,2020-07-15 07:58:24+00:00,218,213,112,False,2022-03-05 12:15:56+00:00,RT @TrendVirat: Rest in Peace KING @ShaneWarne ğŸ˜­ğŸ’” https://t.co/QBYv5NiJQj,,Twitter for Android,,False
1500082675616403458,CricketNDTV,CricketNDTV,India,Catch all the latest news from the world of Cricket!,,,2009-09-04 08:21:55+00:00,1777301,3,6,True,2022-03-05 12:15:54+00:00,"Former Australia captain #IanChappell on Saturday hailed late #ShaneWarne as a ""generous and honest"" champion who never considered himself to be a superstar despite being one of the all-time greats of the game

https://t.co/Mo1HnCmHOs","['IanChappell', 'ShaneWarne']",TweetDeck,,False
1500082670201901058,MrSunilSattawa1,à¤¸à¥à¤¨à¤¿à¤² à¤¸à¤¤à¥à¤¤à¤¾à¤µà¤¨,"à¤—à¤¾à¤‚à¤µ - à¤®à¥Œà¤¹à¤²à¤¾à¤ˆ à¤¤à¤¹. à¤¸à¤¿à¤•à¤°à¤¾à¤¯, à¤¦à¥Œà¤¸à¤¾",ğŸ’¯% follow back,,,2021-01-16 12:38:23+00:00,1595,1913,12636,False,2022-03-05 12:15:53+00:00,"RT @SimplySandeep_: The sensational ""Ball of the Century"" by #ShaneWarne, clean bowling Mike Gatting with his first ball of the 1993 Ashesâ€¦",['ShaneWarne'],Twitter for Android,,False
1500082667043262469,shaikh_kahaf,Kahaf Shaikh,,Reality is often disappointing,,,2022-01-18 08:48:48+00:00,0,1,113,False,2022-03-05 12:15:52+00:00,"RT @cricketnext: Shane Warne's Rockstar Ravindra Jadeja Slams 2nd Test Century, Fans Calls it Perfect Tribute to King of Spin
#RavindraJadeâ€¦",,Twitter for Android,,False
1500082666233757703,MDLIKHO49266117,MD LIKHON AHMED,,Nice moment,,,2021-04-13 14:21:30+00:00,24,690,1573,False,2022-03-05 12:15:52+00:00,RT @Fan_Anywhere: Remembering the legendary leg-spinner from down under and a player who openly advocated playing for the love of the game!â€¦,,Twitter Web App,,False
1500082664489259010,IPratihary,Anupam Pratihary,"Delhi NCR, Noida, India","Sports journalist, News9",,,2010-01-19 14:00:11+00:00,64,349,570,False,2022-03-05 12:15:52+00:00,"Warneâ€™s repertoire: Flipper, zooter, topspin, if that wasnâ€™t enough to choke batsmen, googly and leg break followed. â¦@ShaneWarneâ© â¦@CricketAusâ© #GreatestSpinner  https://t.co/GkMn7BySri",,Twitter for iPhone,,False
1500082659975852032,GhilliArun666,Arunkumaran,"Madurai South, India",Thalapathy fanğŸ˜ğŸ˜ğŸ˜ Thaladhoni fanğŸ˜ğŸ˜ğŸ˜  collage boyğŸ˜ğŸ˜ğŸ˜ backup id @GhilliArun662,,,2021-01-11 15:32:01+00:00,2404,2592,120979,False,2022-03-05 12:15:50+00:00,"RT @CSKFansArmy: Rockstar #ShaneWarne â¤ï¸

#WhistlePodu | @imjadeja https://t.co/WJGXaFSW7c","['ShaneWarne', 'WhistlePodu']",Twitter for Android,,False
1500082650534805511,thunder6022E23,Thunderstrikzzz,India,I am on my way.,,,2009-04-27 13:57:14+00:00,121,1542,59690,False,2022-03-05 12:15:48+00:00,RT @JontyRhodes8: Noooooo #shanewarne cannot believe what I am reading,['shanewarne'],Twitter for Android,,False
1500082640824590338,Hughghhghghh,Kyle Chandler,Brisbane,a moron,,,2009-05-12 10:45:21+00:00,911,608,64927,False,2022-03-05 12:15:46+00:00,RT @stormeinaGcup: Petition for @SeannScott to do an in-charcter Stifler tribute vid for @ShaneWarne,,Twitter for iPhone,,False
1500082635422728192,MrSunilSattawa1,à¤¸à¥à¤¨à¤¿à¤² à¤¸à¤¤à¥à¤¤à¤¾à¤µà¤¨,"à¤—à¤¾à¤‚à¤µ - à¤®à¥Œà¤¹à¤²à¤¾à¤ˆ à¤¤à¤¹. à¤¸à¤¿à¤•à¤°à¤¾à¤¯, à¤¦à¥Œà¤¸à¤¾",ğŸ’¯% follow back,,,2021-01-16 12:38:23+00:00,1595,1913,12636,False,2022-03-05 12:15:45+00:00,"RT @cricketnext: Remembering the King: The Joy of Watching Shane Warne Bowl and Listening to Him Was Spectacular

#ShaneWarne #RIPKing 

âœï¸â€¦","['ShaneWarne', 'RIPKing']",Twitter for Android,,False
1500082628640137219,startedtofight,the fighter,,student,,,2013-01-20 07:56:09+00:00,34,877,4105,False,2022-03-05 12:15:43+00:00,"RT @drmssm: #ShaneWarne died suddenly. RIP. Unfortunately, no one was with him when he had cardiac arrest. Please get the cardiac check upâ€¦",['ShaneWarne'],Twitter for Android,,False
1500082619803123715,AliSherKhawaja1,Ali Khawaja ğŸ‡µğŸ‡¸,,"Life Is Not Same For Everyone, Thank Almighty For Whatever You Got.â¤ï¸ğŸ‡µğŸ‡° #HalaMadrid",,,2018-07-26 19:56:03+00:00,56,258,6575,False,2022-03-05 12:15:41+00:00,"RT @javeedalikmr: A minute silence will be observed today, on the 2nd day of the 1st PAKvAUS test match to pay their tributes to Australianâ€¦",,Twitter for Android,,False
1500082613813334016,shaikh_kahaf,Kahaf Shaikh,,Reality is often disappointing,,,2022-01-18 08:48:48+00:00,0,1,113,False,2022-03-05 12:15:39+00:00,"RT @Vinodbhagat66: Tribute to #ShaneWarne ğŸ’¥ğŸ

#RavindraJadeja #Jadeja #IndvsSl https://t.co/WgZ3gHPVie","['ShaneWarne', 'RavindraJadeja', 'Jadeja', 'IndvsSl']",Twitter for Android,,False
1500082606322368514,ManjinderAttep1,Manjinder Attepur,,,,,2022-03-04 16:14:25+00:00,1,35,20,False,2022-03-05 12:15:38+00:00,RT @satishacharya: Such a cruel turn! RIP Shane Warne! #ShaneWarne https://t.co/0U9dLsugE0,['ShaneWarne'],Twitter for Android,,False
1500082598197923842,RebelNanaji1,Rebel Nanaji@,,"à°°à°®à°¯à±à°¯à°ªà°Ÿà±à°¨à°‚,vizage",,,2020-10-23 06:01:42+00:00,12,123,11434,False,2022-03-05 12:15:36+00:00,"RT @omraut: Saddened by the untimely death of #ShaneWarne
May his soul rest in peace. ğŸ™ğŸ» https://t.co/wP9rsVoOvB",['ShaneWarne'],Twitter for Android,,False
1500082585103323137,MollyKerrActor,Molly Kerr,"Perth, Western Australia",I'm rewriting my profile to avoid writing more of my screenplay. Did you know bunnies have odourless fur and clean themselves constantly? True fact.,,,2012-11-25 12:06:53+00:00,885,1064,3753,False,2022-03-05 12:15:33+00:00,"A good obituary should make you realise that you've been taking someone for granted and feel regret that they died before you could send them fan mail. 

I don't follow cricket, but goodness, this guy! 

#ShaneWarne #RIP #Obituary #Cricket #itsjustnotcricket #AussieLegend",,Twitter Web App,,False
1500082580536049670,nitin_gadhwal,Nitin Gadhwal,,,,,2020-09-14 13:27:40+00:00,2,3,3566,False,2022-03-05 12:15:32+00:00,"RT @PradeepKrish_m: When IPL started,6 teams had marquee players.They were the identity of their teams.Chennai bought the darling of Indianâ€¦",,Twitter for Android,,False
1500082580091117568,AbirSar46241629,ğ˜¼ğ™—ğ™ğ™§ ğ™ğ™¤ğ™§ğ™˜ğ™–ğ™§,"Balurghat, India",ğ“‘ğ“²ğ“«ğ“µğ“²ğ“¸ğ“¹ğ“±ğ“²ğ“µğ“®  ğ˜¾ğ™§ğ™ğ™˜ğ™ ğ™šğ™©-ğ™‡ğ™¤ğ™«ğ™šğ™§ ğ“’ğ“²ğ“·ğ“®ğ“¹ğ“±ğ“²ğ“µğ“®,,,2019-03-25 04:04:36+00:00,31,1213,2816,False,2022-03-05 12:15:31+00:00,"RT @RealHughJackman: Like you all I am in shock to wake to the news that @ShaneWarne had passed away. Iâ€™m grateful to have known him, and tâ€¦",,Twitter for Android,,False
1500082574646988802,bil_tech5,Bil_tech5,,"Fiverr:
https://t.co/4OLjWwIZtTâ€¦
Upwork:
https://t.co/dtWeil1qcB",,,2021-11-28 10:21:18+00:00,17,145,12,False,2022-03-05 12:15:30+00:00,"If you need a website with great and eye-catching design then click any of the links below!
Fiverr:
https://t.co/lD8xUrPLtp
Upwork:
https://t.co/JrguX0KEqN
#ShaneWarne #Ù…ÙŠØ­Ø¯_Ø­Ù…Ø¯ #Peshawarblast #Peshawar #Ø§Ù„Ø¬Ø²ÙŠØ±Ø©_Ø§Ù„Ø´Ø§Ø±Ù‚Ø© #JusticeForDishaSalian #GOT7 #ìˆ˜ì§„ì•„ë¨¹ì—ˆë‹¤ #MOA_X_TOGETHER https://t.co/kHdCR147XA",,Twitter Web App,,False
1500082570473914369,sunishchit,SUNISHCHIT DHINGRA,NEW DELHI,,,,2010-05-26 06:59:19+00:00,8,148,916,False,2022-03-05 12:15:29+00:00,What a Great cricketer he was Gone so soon #ShaneWarne Rest in peace ğŸ’ğŸ™ğŸ¼,['ShaneWarne'],Twitter for Android,,False
1500082564077436932,bobkenny62,Robert Kenny,"South West, England","Normal bloke, happily married, 4 kids, live in Cornwall PZ.
Over the last few years my eyes and ears have been woken to the utter distopian nightmare! ENOUGH !",,,2015-09-09 12:11:05+00:00,1172,1067,107561,False,2022-03-05 12:15:28+00:00,"RT @Staying_free21: #ShaneWarne dies of a heart attack in Thailand, age 52.
The inevitable question isâ€¦..?
ğŸ’‰ğŸ’‰ğŸ’‰
The amount of (younger thanâ€¦",['ShaneWarne'],Twitter for Android,,False
1500082555726745607,Vivekja84654934,Vivek jaiswal,,,,,2021-05-23 13:41:37+00:00,35,10,6760,False,2022-03-05 12:15:26+00:00,RT @SavageCreature: @imVkohli Huge loss to world cricketğŸ˜­ Gone too soon! RIP the artist of Spin Bowling #ShaneWarne ğŸ’” btw he was a big fanâ€¦,['ShaneWarne'],Twitter for Android,,False
1500082528438599684,CallardPhil,Phil Leeds United,Brisbane,"Christian, Leeds utd, Brisbane Roar, conservative,",,,2018-12-23 20:38:45+00:00,1007,2208,9479,False,2022-03-05 12:15:19+00:00,"@ScottMorrisonMP @ShaneWarne Thank you for your kind words PM we are all in shock over this sad news, prayers are with his family at this time, RIP Shane Warne",,Twitter for iPhone,,False
1500082512269557760,JNS_Savimbi,JStevens,Earth,,,,2019-06-03 14:21:55+00:00,14,95,3372,False,2022-03-05 12:15:15+00:00,@robinbhatia_277 @sueholmes252 @ScottMorrisonMP @ShaneWarne You really can't be serious!,,Twitter for Android,,False
1500082502362439683,mustaaandaaaaa,GujjarğŸ‡µğŸ‡°ğŸ‡ºğŸ‡¸ğŸ‡¨ğŸ‡¦,,,,,2022-01-12 16:12:52+00:00,3,34,152,False,2022-03-05 12:15:13+00:00,"RT @sohailmalik614: Heartbroken on the sudden death of the legend #ShaneWarne ğŸ’” 
prayers for his family and loved ones. He'll be missed ğŸ˜ hâ€¦",['ShaneWarne'],Twitter for iPhone,,False
1500082493273219080,vidyadharginde,Vidyadhar Ginde,Mumbai,,,,2011-08-14 07:31:16+00:00,630,2844,1950,False,2022-03-05 12:15:11+00:00,RT @dwivedikaustuv: Jaddu and his century today is one of the heart touching tribute to the legend #ShaneWarne ... Sir Ravindra Jadeja is pâ€¦,['ShaneWarne'],Twitter for iPhone,,False
1500082492170457090,ridin_dirty_,Maan,At Peace,Here to retweet best of memes â˜ºï¸,,,2021-10-02 18:16:00+00:00,327,446,33866,False,2022-03-05 12:15:10+00:00,"RT @FoxCricket: 'He was magic' ğŸŒŸ

Isa Guha delivers an emotional few words on Warnie ğŸ˜¢

ğŸ“º Watch the #ShaneWarne tribute on @Foxtel CH501 orâ€¦",['ShaneWarne'],Twitter Web App,,False
1500082491193176065,Pritchard007,Bravado,,Word life,,,2011-03-19 09:59:51+00:00,155,344,1245,False,2022-03-05 12:15:10+00:00,@News24 @RobHouwing @Sport24news RIP #ShaneWarne King,['ShaneWarne'],Twitter for iPhone,,False
1500082483299192835,manna_suvam,SUVAM MANNA," Purba Medinipur, India.",https://t.co/raSAUx193V Worker. Worker FAM4TMC.à¦•à¦°à§à¦®à¦‡ à¦§à¦°à§à¦®.,,,2021-04-13 10:22:21+00:00,607,952,14492,False,2022-03-05 12:15:08+00:00,"RT @SwagataLaxmiBh1: Rest in Peace #ShaneWarne 

#FAM4TMC https://t.co/FshmA6AMkE","['ShaneWarne', 'FAM4TMC']",Twitter for Android,,False
1500082476173037572,GokulSa26077432,PSPK,,PSPK INDIA FAN,,,2021-04-22 15:38:31+00:00,35,23,13804,False,2022-03-05 12:15:07+00:00,"RT @StarSportsIndia: ""ğ˜ğ˜°ğ˜³ ğ˜®ğ˜¦, ğ˜©ğ˜¦'ğ˜´ ğ˜µğ˜©ğ˜¦ ğ˜¨ğ˜³ğ˜¦ğ˜¢ğ˜µğ˜¦ğ˜´ğ˜µ ğ˜´ğ˜±ğ˜ªğ˜¯ğ˜¯ğ˜¦ğ˜³ ğ˜µğ˜° ğ˜©ğ˜¢ğ˜·ğ˜¦ ğ˜¦ğ˜·ğ˜¦ğ˜³ ğ˜±ğ˜­ğ˜¢ğ˜ºğ˜¦ğ˜¥ ğ˜µğ˜©ğ˜¦ ğ˜¨ğ˜¢ğ˜®ğ˜¦."" - @imVkohli

Hear from Kohli, as he remembers the leâ€¦",,Twitter for Android,,False
1500082471144402945,Nimesh190701,Karan Nimesh,,,,,2022-01-12 05:09:57+00:00,0,18,98,False,2022-03-05 12:15:05+00:00,"RT @the_hindu: #ShaneWarne, one of the greatest spinners cricket has ever seen, passed away in Thailand on Friday. He was found unresponsivâ€¦",['ShaneWarne'],Twitter for Android,,False
1500082463187611648,farhadwassanPTI,Farhad Safdar,kharian ,"Pakistani |
Ummat e Mohammadi SAWW |
Insafian",,,2017-03-15 14:54:24+00:00,208,995,18815,False,2022-03-05 12:15:04+00:00,RT @ShaziyaaMehmood: Canâ€™t get over ğŸ’” #ShaneWarne https://t.co/2tcApUuxNy,['ShaneWarne'],Twitter for Android,,False
1500082459500691457,Jackpot101284,Paul Smith,,,,,2022-01-06 10:44:53+00:00,28,160,491,False,2022-03-05 12:15:03+00:00,RT @isaguha: Heartbroken ğŸ’” the best times of my life have been talking cricket with this bloke. The true rockstar of cricket. Will miss youâ€¦,,Twitter Web App,,False
1500082443189055489,mishraharsha3,Harsha Mishra,,,,,2021-08-09 09:29:32+00:00,9,4,172,False,2022-03-05 12:14:59+00:00,"RT @NCP_NMCspeaks: Legendary Australian iconicÂ #cricket #spinner, #ShaneWarne was in Thailand when he died of a suspected heart attack on Fâ€¦","['cricket', 'spinner', 'ShaneWarne']",Twitter for Android,,False
1500082442060713986,Oshani830230754,ğ—¢ğ˜€ğ—µğ—®ğ—»ğ—¶,Srilanka ğŸ‡±ğŸ‡° ,"#ğğ“ğ’
#ğğ“ğ’ğ€ğ‘ğŒğ˜
#ğğ“7
                                                      ğ™’ğ™ğ™šğ™£ ğ™’ğ™ğ™£ğ™©ğ™šğ™§ ğ™‹ğ™–ğ™¨ğ™¨ğ™šğ™¨ ğ™ğ™¥ğ™§ğ™ğ™£ğ™œ ğ™–ğ™¡ğ™¬ğ™–ğ™®ğ™¨ ğ™˜ğ™¤ğ™¢ğ™š...",,,2021-05-11 06:45:14+00:00,27,79,2772,False,2022-03-05 12:14:59+00:00,"RT @ManasRout1996: Shocked to know about the passing away of great Australian cricketer Shane Warne.. My heart goes out to his friends,, Faâ€¦",,Twitter for Android,,False
1500082437703061505,gazmavfc,Gareth Morgan,United Kingdom,Engaged to Charlotte Hulse â¤ï¸Getting married 24/9/2022 â¤ï¸Kids Dylan & Oscar â¤ï¸ #AVFC STH ğŸ’ª #backboris ğŸ’ª Work at Little Aston GC,,,2012-05-12 22:32:26+00:00,512,1368,5317,False,2022-03-05 12:14:57+00:00,"RT @RockstarMK11: Ball of the century by #Warne

RIP #shanewarne https://t.co/vAtIRKd1Je","['Warne', 'shanewarne']",Twitter for Android,,False
1500082431466283008,matthewhayden,Matt Hayden,"Sydney, New South Wales","Red-pilled Sydney blogger. Your problem if you can't spot the sit down comedy. ""Coffees"" much appreciated: https://t.co/gcaX0CJJre Check out my blog ğŸ‘‡",,,2010-03-17 13:41:13+00:00,6522,4968,12041,False,2022-03-05 12:14:56+00:00,RT @matthewhayden: Hurley-bowly https://t.co/9NVv0pqvnV #ShaneWarne #symbolismwillbetheirdownfall #occultelite https://t.co/iaC9r9mp7N,"['ShaneWarne', 'symbolismwillbetheirdownfall', 'occultelite']",Twitter Web App,,False
1500082410939039745,DNagesw84930258,D Nageswara Rao,,,,,2018-09-09 15:27:22+00:00,18,168,29361,False,2022-03-05 12:14:51+00:00,"RT @PrasadVPotluri: Legends and friends leaving us, much more desired by the world from their time and talent. Wake up call for the rest ofâ€¦",,Twitter for Android,,False
1500082406367559680,vivekkatial,Vivek Katial,"Melbourne, Victoria","ğŸ—Executive Director @ Good Data Institute 
â™»ï¸ğŸ‘¨â€ğŸ’»Data Scientist // Founding Team @ Multitudes 
ğŸŒ±ğŸ“š PhD Candidate in Quantum Computing @ Uni of Melb ğŸ“ âš›ï¸",,,2012-10-19 05:34:42+00:00,106,290,1610,False,2022-03-05 12:14:50+00:00,"RT @FoxCricket: 'He was magic' ğŸŒŸ

Isa Guha delivers an emotional few words on Warnie ğŸ˜¢

ğŸ“º Watch the #ShaneWarne tribute on @Foxtel CH501 orâ€¦",['ShaneWarne'],Twitter Web App,,False
1500082400868462595,shaikh_kahaf,Kahaf Shaikh,,Reality is often disappointing,,,2022-01-18 08:48:48+00:00,0,1,113,False,2022-03-05 12:14:49+00:00,"RT @SimplySandeep_: The sensational ""Ball of the Century"" by #ShaneWarne, clean bowling Mike Gatting with his first ball of the 1993 Ashesâ€¦",['ShaneWarne'],Twitter for Android,,False
1500082386973118470,adeel_oficial,Ú†ÙˆÛØ¯Ø±ÛŒ Ø¹Ø¯ÛŒÙ„ Ø§Ø­Ù…Ø¯,"Lahore, Pakistan",(Mister Perfect),,,2019-06-12 09:09:50+00:00,240,2378,569,False,2022-03-05 12:14:45+00:00,"Rest in Peace...!!!
#ShaneWarne https://t.co/R19NxPneem",['ShaneWarne'],Twitter for Android,,False
1500082382031908869,Hariroger_,Harishankar,,,,,2020-04-04 08:25:26+00:00,3725,3158,570156,False,2022-03-05 12:14:44+00:00,RT @vikramsathaye: I am sure Jadeja will dedicate this hundred to Warnie. Warnie loved Jadeja. #ShaneWarne,['ShaneWarne'],Twitter for Android,,False
1500082373098098692,TheRealIbad,Ibad Ur Rehman,Among u all ,"Advocate of humanity. Freethinker, dreamer of a peaceful, safe & equal world for all. Believer of coexistence... #Love #Peace #Azadi #Humanity ğŸ‘‰Hate Mullahs",,,2018-03-21 05:36:56+00:00,411,692,36524,False,2022-03-05 12:14:42+00:00,RT @ShaziyaaMehmood: Canâ€™t get over ğŸ’” #ShaneWarne https://t.co/2tcApUuxNy,['ShaneWarne'],Twitter for iPhone,,False
1500082372586487808,its_needo,Ù†ÙˆÛŒØ¯ Ø§Ú©Ø±Ù… Ù‚Ø±ÛŒØ´ÛŒ,"Rawalpindi, Pakistan","â€â€â€Ø§Ø¨Ú¾ÛŒ Ø§ØªÙ†Ø§ Ù…Ø´ÛÙˆØ± Ù†ÛÛŒÚº ÛÙˆØ§ Ú©Û Ø¨Ø§Ø¦ÛŒÙˆ Ù„Ú©Ú¾ØªØ§ Ù¾Ú¾Ø±ÙˆÚº.....

from NA-55 now NA-62",,,2016-04-09 13:37:34+00:00,436,1129,40347,False,2022-03-05 12:14:42+00:00,RT @ShaziyaaMehmood: Canâ€™t get over ğŸ’” #ShaneWarne https://t.co/2tcApUuxNy,['ShaneWarne'],Twitter for Android,,False
1500082363615019010,PrasanjoyD,Prasanjoy Dolai,,,,,2022-03-04 15:55:45+00:00,0,1,14,False,2022-03-05 12:14:40+00:00,RT @harbhajan_singh: Well done @imjadeja brilliant 100 keep going .. ( rockstar )the name was given to him by greatest ever @ShaneWarne @BCâ€¦,,Twitter for Android,,False
1500082362218020864,Singh_Ro45,ğ–ğ–“ğ–˜ğ–•ğ–ğ–—ğ–†ğ–™ğ–ğ–”ğ–“ğ–†ğ–‘_45Â®Ê€á´€á´ŠÉ´á´€É´á´…á´€É´Éª êœ±ÉªÉ´É¢ÊœÂ®ğŸ¦,"Bengaluru, India","Nothing important more than Rohit SharmağŸ‘ˆRohit Sharma is not just a star â­he's an emotion of mine
#MumbaiIndans
#BeauticianKnowledgeableğŸ’„ 
PROUD #à¤­à¥‚à¤®à¤¿à¤¹à¤¾à¤°  ğŸ˜",,,2020-11-01 14:08:48+00:00,671,499,15814,False,2022-03-05 12:14:39+00:00,"RT @StarSportsIndia: ""ğ¼ğ‘¡'ğ‘  ğ‘ â„ğ‘¢ğ‘”ğ‘’, â„ğ‘¢ğ‘”ğ‘’ ğ‘™ğ‘œğ‘ ğ‘  ğ‘–ğ‘› ğ‘œğ‘¢ğ‘Ÿ ğ‘ğ‘Ÿğ‘–ğ‘ğ‘˜ğ‘’ğ‘¡ğ‘–ğ‘›ğ‘” ğ‘¤ğ‘œğ‘Ÿğ‘™ğ‘‘."" -@ImRo45 on the void left by #ShaneWarne

Hear his thoughts on the lâ€¦",['ShaneWarne'],Twitter for Android,,False
1500082359206813698,EslavathRoshan,Roshan eslavath,,,,,2022-01-03 17:10:52+00:00,0,42,433,False,2022-03-05 12:14:39+00:00,RT @megopichand: Rip king of spin. Heartbreaking #ShaneWarne ğŸ™ https://t.co/0M4pMBDxpl,['ShaneWarne'],Twitter for Android,,False
1500082319998488581,Sandeep88475726,Sandeep Yadav,,,,,2021-10-02 14:33:19+00:00,0,4,25,False,2022-03-05 12:14:29+00:00,RT @ShubmanGill: Can't believe while writing this. I grew up watching his bowling on TV. One of the greatest spinners of all time. Thank yoâ€¦,,Twitter for Android,,False
1500082318299574276,mustaaandaaaaa,GujjarğŸ‡µğŸ‡°ğŸ‡ºğŸ‡¸ğŸ‡¨ğŸ‡¦,,,,,2022-01-12 16:12:52+00:00,3,34,152,False,2022-03-05 12:14:29+00:00,RT @FakharZamanLive: Heartbroken about @ShaneWarneâ€™s news. Rest in peace legend. https://t.co/FcbOaHK4yq,,Twitter for iPhone,,False
1500082308505735168,RebelNanaji1,Rebel Nanaji@,,"à°°à°®à°¯à±à°¯à°ªà°Ÿà±à°¨à°‚,vizage",,,2020-10-23 06:01:42+00:00,12,123,11434,False,2022-03-05 12:14:27+00:00,"RT @IamSaiDharamTej: Shocking and Heart-wrenching at the demise of Legendary spinner #ShaneWarne ğŸ’”

Black day for the World of Cricket.
Mayâ€¦",['ShaneWarne'],Twitter for Android,,False
1500082297529192449,shaikh_kahaf,Kahaf Shaikh,,Reality is often disappointing,,,2022-01-18 08:48:48+00:00,0,1,113,False,2022-03-05 12:14:24+00:00,"#ShaneWarne

Wizard of spin ğŸ‘‘ğŸ‘‘",['ShaneWarne'],Twitter for Android,,False
1500082277501607940,nadeemcharagh,Muhammad Nadeem,,"I have been supporting Imran Khan since 2011.
 My aim or wish is to eradicate the dark Era prevailing in our country which is only possible due to Imran Khan.",,,2012-08-23 13:18:39+00:00,1441,1017,348587,False,2022-03-05 12:14:19+00:00,"RT @Kan__Fatima: Pepsi advertisement when 24 years ago Australian cricket team toured Pakistan. Shane Warne you will be missed. â¤ï¸
#Cricketâ€¦",['Cricket'],Twitter for Android,,False
1500082275958104064,JiPearce1972,John Pearce,,,,,2022-01-25 14:15:49+00:00,0,4,1,False,2022-03-05 12:14:19+00:00,"@robbid01 @anshuld90 @ShaneWarne Who knows what caused the heart attack, that's for the autopsy to find out.  A lot of perfectly healthy athletes have had heart attacks (Christian Eriksen was saved by prompt medical attention at last years Euros).  This could have been an underlying condition not spotted.",,Twitter Web App,,False
1500082273223606274,TSM9490,TSM,Australia ,This isnâ€™t MySpace,,,2012-06-11 12:48:05+00:00,152,731,12587,False,2022-03-05 12:14:18+00:00,"@shalailah I guess you listened to me! But then doubled down! Are you a different kind of stupid? Why to cancel yourself, must be a great day defending your silly decisions all day! #ShaneWarne #ShaneWarneRIP #Stupidity #stupidtweet #RIPShaneWarne https://t.co/2Gb8u194T9",,Twitter for iPhone,,False
1500082272371834880,GokulSa26077432,PSPK,,PSPK INDIA FAN,,,2021-04-22 15:38:31+00:00,35,23,13804,False,2022-03-05 12:14:18+00:00,"RT @Cricketracker: Shane Warne must be proud of @imjadeja watching from heaven.

#RavindraJadeja #ShaneWarne #INDvSL https://t.co/upCOtWc5Ge","['RavindraJadeja', 'ShaneWarne', 'INDvSL']",Twitter for Android,,False
1500082271038361603,jawednwd,Åšhahnawaz Ã„ÄºÃ¡mÂ©ï¸(Ø´ÛÙ†ÙˆØ§Ø² Ø¹Ø§Ù„Ù… â™‘) ğŸŒ¿ğŸŒ¿ğ“ƒµğ“ƒµ,"Jharkhand, India","à¤¨à¤¾ à¤œà¤¿à¤¯à¥‹à¤‚ à¤§à¤°à¥à¤® à¤•à¥‡ à¤¨à¤¾à¤® à¤ªà¤°, à¤¨à¤¾ à¤®à¤°à¥‹ à¤§à¤°à¥à¤® à¤•à¥‡ à¤¨à¤¾à¤® à¤ªà¤°à¥¤
à¤‡à¤‚à¤¸à¤¾à¤¨à¤¿à¤¯à¤¤ à¤¹à¥€ à¤¹à¥ˆà¤‚ à¤§à¤°à¥à¤® à¤µà¤¤à¤¨ à¤•à¤¾, à¤¬à¤¸ à¤œà¤¿à¤¯à¥‹à¤‚ à¤µà¤¤à¤¨ à¤•à¥‡ à¤¨à¤¾à¤® à¤ªà¤°à¥¤à¥¤ ğŸ‘‰ @jawednwd ğŸ’¯% fb (Unfollower I'm watching ğŸ‘€ğŸ‘ U)",,,2010-06-21 00:15:11+00:00,5417,5606,8027,False,2022-03-05 12:14:18+00:00,"Cricket's Iconic Player @ShaneWarne is no more but he will always live in every heart â™¥ of Cricket fanâ€¼ï¸
 #RIPShaneWarne #Australia #ShaneWarneRIP https://t.co/mhCH1cXrSa",,Twitter for Android,,False
